2022,Glass Onion: A 'Knives Out' Mystery,Actor in a Leading Role,Daniel Craig,TBD,Daniel,,Craig,,Benoît Blanc,,,,
2022,Decision to Leave,Actor in a Leading Role,Park Hae-il,TBD,Hae-il,,Park,,Detective Jang Hae-jun,,,,
2022,The Fabelmans,Actress in a Leading Role,Michelle Williams,TBD,Michelle,,Williams,,Mitzi Fabelman,,,,
2022,The Good Nurse,Actress in a Leading Role,Jessica Chastain,TBD,Jessica,,Chastain,,Amy Loughren,,,,
2022,Aftersun,Actress in a Leading Role,Frankie Corio,TBD,Frankie,,Corio,,Sophie,,,,
2022,The Banshees of Inisherin,Art Direction,Mark Tildesley,TBD,Mark,,Tildesley,,,,,,Production design
2022,The Banshees of Inisherin,Art Direction,Michael Standish,TBD,Michael,,Standish,,,,,,Set decoration
2022,Till,Art Direction,Curt Beech,TBD,Curt,,Beech,,,,,,Production design
2022,Till,Art Direction,Cassaundra Marie,TBD,Cassuandra,,Marie,,,,,,Set design
2022,Triangle of Sadness,Cinematography,Fredrik Wenzel,TBD,Fredrik,,Wenzel,,,,,,
2022,RRR,Costuming,Rama Rajamouli,TBD,Rama,,Rajamouli,,,,,,
2022,Everything Everywhere All at Once,Costuming,Shirley Kurata,TBD,Shirley,,Kurata,,,,,,
2022,Till,Costuming,Marci Rodgers,TBD,Marci,,Rodgers,,,,,,
2022,The Fabelmans,Director,Steven Spielberg,TBD,Steven,,Spielberg,,,,,,
2022,RRR,Effects,Prakash Kotha,TBD,Prakash,,Kotha,,,,,,
2022,The Fabelmans,Film Editing,Sarah Broshar,TBD,Sarah,,Broshar,,,,,,
2022,The Fabelmans,Film Editing,Michael Kahn,TBD,Michael,,Kahn,,,,,,
2022,Triangle of Sadness,Film Editing,Mikel Cee Karlsson,TBD,Mikel,Cee,Karlsson,,,,,,
2022,Triangle of Sadness,Film Editing,Ruben Östlund,TBD,Ruben,,Östlund,,,,,,
2022,The Fabelmans,Live-Action Feature-Length Film,Tony Kushner,TBD,Tony,,Kushner,,,,,,
2022,The Fabelmans,Live-Action Feature-Length Film,Kristie Macosko Krieger,TBD,Kristie,,Macosko Krieger,,,,,,
2022,The Fabelmans,Live-Action Feature-Length Film,Steven Spielberg,TBD,Steven,,Spielberg,,,,,,
2022,Spirited,Original Score,Dominic Lewis,TBD,Dominic,,Lewis,,,,,,
2022,Marcel the Shell with Shoes On,Original Score,Disasterpeace,TBD,,,Disasterpeace,,,,,,
2022,The Fabelmans,Original Score,John Williams,TBD,John,,Williams,,,,,,
2022,Till,Original Score,Abel Korzeniowski,TBD,Abel,,Korzeniowski,,,,,,
2022,Aftersun,Original Score,Oliver Coates,TBD,Oliver,,Coates,,,,,,
2022,Glass Onion: A 'Knives Out' Mystery,Screenplay (Adapted),Rian Johnson,TBD,Rian,,Johnson,,,,The character Benoît Blanc created by Rian Johnson,,
2022,The Fabelmans,Screenplay (Original),Tony Kushner,TBD,Tony,,Kushner,,,,,,
2022,The Fabelmans,Screenplay (Original),Steven Spielberg,TBD,Steven,,Spielberg,,,,,,
2022,Spirited,Screenplay (Adapted),Sean Anders,TBD,Sean,,Anders,,,,"The novella ""A Christmas Carol"" by Charles Dickens",,
2022,Spirited,Screenplay (Adapted),John Morris,TBD,John,,Morris,,,,"The novella ""A Christmas Carol"" by Charles Dickens",,
2022,Spoiler Alert,Actor in a Leading Role,Ben Aldridge,TBD,Ben,,Aldridge,,"Michael ""Kit"" Cowan",,,,
2022,The Fabelmans,Actor in a Supporting Role,Paul Dano,TBD,Paul,,Dano,,Burt Fabelman,,,,
2022,The Woman King,Actress in a Leading Role,Viola Davis,TBD,Viola,,Davis,,General Nansica,,,,
2022,Glass Onion: A 'Knives Out' Mystery,Actress in a Supporting Role,Kathryn Hahn,TBD,Kathryn,,Hahn,,Claire Debella,,,,
2022,Glass Onion: A 'Knives Out' Mystery,Costuming,Jenny Eagan,TBD,Jenny,,Eagan,,,,,,
2022,Tár,Art Direction,Marco Bittner Rosser,TBD,Marco,,Bittner Rosser,,,,,,
2022,The Woman King,Costuming,Gersha Phillips,TBD,Gersha,,Phillips,,,,,,
2022,Glass Onion: A 'Knives Out' Mystery,Original Score,Nathan Johnson,TBD,Nathan,,Johnson,,,,,,
2022,The Fabelmans,Cinematography,Janusz Kaminski,TBD,Janusz,,Kaminski,,,,,,
2022,Devotion,Sound Editing,Will Files,TBD,Will,,Files,,,,,,
2022,Devotion,Sound Editing,Eliza Pollack Zebert,TBD,Eliza,,Pollack Zebert,,,,,,
2022,She Said,Screenplay (Adapted),Rebecca Lenkiewicz,TBD,Rebecca,,Lenkiewicz,,,,The 2019 book of the same title by reporters Jodi Kantor and Megan Twohey,,
2022,See How They Run,Actress in a Supporting Role,Saoirse Ronan,TBD,Saoirse,,Ronan,,Constable Stalker,,,,
2022,Women Talking,Original Score,Hildur Guðnadóttir,TBD,Hildur,,Guðnadóttir,,,,,,
2022,"Argentina, 1985",Actor in a Leading Role,Ricardo Darín,TBD,Ricardo,,Darín,,Julio César Strassera,,,,
2022,Hustle,Actor in a Leading Role,Adam Sandler,TBD,Adam,,Sandler,,Stanley Sugerman,,,,
2022,Women Talking,Actress in a Supporting Role,Judith Ivey,TBD,Judith,,Ivey,,Agata,,,,
2022,Marcel the Shell with Shoes On,Screenplay (Adapted),Dean Fleischer-Camp,TBD,Dean,,Fleischer-Camp,,,,Characters created by Dean Fleischer-Camp & Jenny Slate,,
2022,Marcel the Shell with Shoes On,Screenplay (Adapted),Jenny Slate,TBD,Jenny,,Slate,,,,Characters created by Dean Fleischer-Camp & Jenny Slate,,
2022,Marcel the Shell with Shoes On,Screenplay (Adapted),Nick Paley,TBD,Nick,,Paley,,,,Characters created by Dean Fleischer-Camp & Jenny Slate,,
2022,Amsterdam,Make-Up & Hairstyling,Nina Fischer,TBD,Nina,,Fischer,,,,,,
2022,Amsterdam,Make-Up & Hairstyling,Adruitha Lee,TBD,Adruitha,,Lee,,,,,,
2022,Amsterdam,Make-Up & Hairstyling,Lori McCoy-Bell,TBD,Lori,,McCoy-Bell,,,,,,
2022,Eo,Cinematography,Michal Dymek,TBD,Michal ,,Dymek,,,,,,
2022,The Pale Blue Eye,Actor in a Supporting Role,Harry Melling,TBD,Harry,,Melling,,Edgar Allan Poe,,,,
2022,Cha Cha Real Smooth,Actor in a Leading Role,Cooper Raiff,TBD,Cooper,,Raiff,,Andrew,,,,
2022,A Man Called Otto,Actress in a Supporting Role,Mariana Treviño,TBD,Mariana,,Treviño,,Marisol,,,,