Year,Film,Studio,Category,Won,Concordance
2024,The Wild Robot,Dreamworks Animation,Best Animated Feature,TRUE,Animated Feature-Length Film
2024,Inside Out 2,Pixar Animation Studios,Best Animated Feature,FALSE,Animated Feature-Length Film
2024,Kung Fu Panda 4,DreamWorks Animation,Best Animated Feature,FALSE,Animated Feature-Length Film
2024,That Christmas,"Locksmith Animation, Netflix",Best Animated Feature,FALSE,Animated Feature-Length Film
2024,Ultraman: Rising,"Netflix, Tsuburaya Productions",Best Animated Feature,FALSE,Animated Feature-Length Film
2024,Wallace & Gromit: Vengeance Most Fowl,"Aardman, Netflix",Best Animated Feature,FALSE,Animated Feature-Length Film
2024,Wander to Wonder,"Circe Films, Kaap Holland Film, Les Productions de Milou, Beast Animation, Blink Industries, and Pictanovo",Best Animated Short Subject,TRUE,Animated Short Film
2024,Beautiful Men,"Animal Tank, Miyu Productions, and Ka-Ching Cartoons",Best Animated Short Subject,FALSE,Animated Short Film
2024,In the Shadow of the Cypress,Barfak Animation Studio,Best Animated Short Subject,FALSE,Animated Short Film
2024,Ruthless Blade,"IDEOMOTOR Culture Media Co., Ltd.",Best Animated Short Subject,FALSE,Animated Short Film
2024,The Swineherd,Fleng Entertainment and Tumblehead Productions,Best Animated Short Subject,FALSE,Animated Short Film
2024,Flow,"Sacrebleu Productions, Take Five, Dream Well Studio, Janus Films",Best Animated Feature — Independent,TRUE,Animated Feature-Length Film
2024,Chicken for Linda!,"Dolce Vita Films, Miyu Productions, Palosanto Films, France 3 Cinéma",Best Animated Feature — Independent,FALSE,Animated Feature-Length Film
2024,Kensuke’s Kingdom,Mélusine Productions,Best Animated Feature — Independent,FALSE,Animated Feature-Length Film
2024,Look Back,Studio Durian,Best Animated Feature — Independent,FALSE,Animated Feature-Length Film
2024,Mars Express,"Everybody on Deck, Je Suis Bien Content",Best Animated Feature — Independent,FALSE,Animated Feature-Length Film
2024,Memoir of a Snail,"Snails Pace Films / Arenamedia, IFC Films",Best Animated Feature — Independent,FALSE,Animated Feature-Length Film
2023,Spider-Man: Across the Spider-Verse,Sony Pictures Animation,Best Animated Feature,TRUE,Animated Feature-Length Film
2023,The Boy and the Heron,Studio Ghibli,Best Animated Feature,FALSE,Animated Feature-Length Film
2023,Nimona,Annapurna Animation,Best Animated Feature,FALSE,Animated Feature-Length Film
2023,Suzume,CoMix Wave Films Inc. and STORY Inc.,Best Animated Feature,FALSE,Animated Feature-Length Film
2023,Teenage Mutant Ninja Turtles: Mutant Mayhem,Paramount Pictures and Nickleodeon Movies,Best Animated Feature,FALSE,Animated Feature-Length Film
2023,WAR IS OVER! Inspired by the Music of John & Yoko,ElectroLeague,Best Animated Short Subject,TRUE,Animated Short Film
2023,Carne de Dios,Ojo Raro and Fedora Productions,Best Animated Short Subject,FALSE,Animated Short Film
2023,Daffy in Wackyland,Warner Bros. Animation,Best Animated Short Subject,FALSE,Animated Short Film
2023,HUMO,"Outik Animation, 3rd Street Video, Mindsoup Entertainment, and IMCINE",Best Animated Short Subject,FALSE,Animated Short Film
2023,PINA,PUNCHLINE CINEMA / NEXT DAYS FILMS,Best Animated Short Subject,FALSE,Animated Short Film
2023,Robot Dreams,Arcadia Motion Pictures,Best Animated Feature — Independent,TRUE,Animated Feature-Length Film
2023,Ernest & Celestine: A Trip to Gibberitia,"Folivari, Mélusine Productions, Studio Canal",Best Animated Feature — Independent,FALSE,Animated Feature-Length Film
2023,Four Souls of Coyote,Cinemon Entertainment,Best Animated Feature — Independent,FALSE,Animated Feature-Length Film
2023,The Inventor,Curiosity Studios,Best Animated Feature — Independent,FALSE,Animated Feature-Length Film
2023,White Plastic Sky,SALTO Films & Artichoke,Best Animated Feature — Independent,FALSE,Animated Feature-Length Film
2022,Guillermo del Toro's 'Pinocchio',Netflix presents a Double Dare You! Film / a ShadowMachine production in association with The Jim Henson Company,Best Animated Feature,TRUE,Animated Feature-Length Film
2022,Puss in Boots: The Last Wish,DreamWorks Animation,Best Animated Feature,FALSE,Animated Feature-Length Film
2022,The Sea Beast,Netflix,Best Animated Feature,FALSE,Animated Feature-Length Film
2022,Turning Red,Pixar Animation Studios,Best Animated Feature,FALSE,Animated Feature-Length Film
2022,Wendell & Wild,Netflix presents a Monkeypaw production / a Gotham Group production,Best Animated Feature,FALSE,Animated Feature-Length Film
2022,Amok,Boddah,Best Animated Short Subject,FALSE,Animated Short Film
2022,Black Slide,"The Hive Studio, in co-production with FlipBook Studio",Best Animated Short Subject,FALSE,Animated Short Film
2022,The Flying Sailor,National Film Board of Canada,Best Animated Short Subject,FALSE,Animated Short Film
2022,Ice Merchants,COLA Animation production & Wild Stream,Best Animated Short Subject,TRUE,Animated Short Film
2022,"Love, Dad","13ka, in co-production with FAMU & nutprodukcia",Best Animated Short Subject,FALSE,Animated Short Film
2022,Charlotte,"January Films, Ltd., Balthazar Productions, and Walking the Dog",Best Animated Feature — Independent,FALSE,Animated Feature-Length Film
2022,Inu-Oh,Science SARU,Best Animated Feature — Independent,FALSE,Animated Feature-Length Film
2022,"Little Nicholas, Happy As Can Be",On Classics (Mediawan) / Bidibul Productions,Best Animated Feature — Independent,FALSE,Animated Feature-Length Film
2022,Marcel the Shell with Shoes On,"Marcel the Movie LLC, A24",Best Animated Feature — Independent,TRUE,Animated Feature-Length Film
2022,My Father's Dragon,"Cartoon Saloon, Netflix",Best Animated Feature — Independent,FALSE,Animated Feature-Length Film
2021,Encanto,Walt Disney Animation Studios,Best Animated Feature,FALSE,Animated Feature-Length Film
2021,Luca,Pixar Animation Studios,Best Animated Feature,FALSE,Animated Feature-Length Film
2021,Raya and the Last Dragon,Walt Disney Animation Studios,Best Animated Feature,FALSE,Animated Feature-Length Film
2021,Sing 2,Illumination,Best Animated Feature,FALSE,Animated Feature-Length Film
2021,The Mitchells vs. the Machines,"Netflix, Sony Pictures Animation",Best Animated Feature,TRUE,Animated Feature-Length Film
2021,Bestia,"Trebol 3 Producciones, MALEZA Estudio",Best Animated Short Subject,TRUE,Animated Short Film
2021,Easter Eggs,"Animal Tank, Brecht Van Elslande",Best Animated Short Subject,FALSE,Animated Short Film
2021,MAALBEEK,Films Grand Huit Films à Vif,Best Animated Short Subject,FALSE,Animated Short Film
2021,Night Bus,Joe Hsieh Independent Production,Best Animated Short Subject,FALSE,Animated Short Film
2021,Steakhouse,"Finta Film, Fabian & Fred, RTV Slovenija, Miyu Productions",Best Animated Short Subject,FALSE,Animated Short Film
2020,Soul,Pixar Animation Studios,Best Animated Feature,TRUE,Animated Feature-Length Film
2020,The Croods: A New Age,DreamWorks Animation,Best Animated Feature,FALSE,Animated Feature-Length Film
2020,Trolls World Tour,DreamWorks Animation,Best Animated Feature,FALSE,Animated Feature-Length Film
2020,Onward,Pixar Animation Studios,Best Animated Feature,FALSE,Animated Feature-Length Film
2020,The Willoughbys,"Netflix Animation, BRON Animation, Creative Wealth Media",Best Animated Feature,FALSE,Animated Feature-Length Film
2020,Souvenir Souvenir,Blast Production,Best Animated Short Subject,TRUE,Animated Short Film
2020,KKUM,open the portal,Best Animated Short Subject,FALSE,Animated Short Film
2020,"Filles Bleues, Peur Blanche",Miyu Productions,Best Animated Short Subject,FALSE,Animated Short Film
2020,The Places Where We Live (Cake),FX Productions and FX,Best Animated Short Subject,FALSE,Animated Short Film
2020,World of Tomorrow Episode Three: The Absent Destinations of David Prime,Don Hertzfeldt,Best Animated Short Subject,FALSE,Animated Short Film
2019,Klaus,"Netflix, The Spa Studios, Atresmedia Cine",Best Animated Feature,TRUE,Animated Feature-Length Film
2019,Frozen II,Walt Disney Animation Studios,Best Animated Feature,FALSE,Animated Feature-Length Film
2019,How to Train Your Dragon: The Hidden World,DreamWorks Animation,Best Animated Feature,FALSE,Animated Feature-Length Film
2019,Missing Link,Laika,Best Animated Feature,FALSE,Animated Feature-Length Film
2019,Toy Story 4,Pixar Animation Studios,Best Animated Feature,FALSE,Animated Feature-Length Film
2019,Uncle Thomas: Accounting for the Days,"Ciclope Filmes, National Film Board of Canada, Les Armateurs",Best Animated Short Subject,TRUE,Animated Short Film
2019,Acid Rain,Animoon,Best Animated Short Subject,FALSE,Animated Short Film
2019,DONT KNOW WHAT,Thomas Renoldner,Best Animated Short Subject,FALSE,Animated Short Film
2019,Je sors acheter des cigarettes,Miyu Productions,Best Animated Short Subject,FALSE,Animated Short Film
2019,Purpleboy,"Bando à Parte, Rainbox Productions, Ambiances… asbl, Luna Blue Film",Best Animated Short Subject,FALSE,Animated Short Film
2018,Spider-Man: Into the Spider-Verse,Sony Pictures Animation,Best Animated Feature,TRUE,Animated Feature-Length Film
2018,Early Man,Aardman Animations,Best Animated Feature,FALSE,Animated Feature-Length Film
2018,Incredibles 2,Pixar Animation Studios,Best Animated Feature,FALSE,Animated Feature-Length Film
2018,Isle of Dogs,"Fox Searchlight Pictures, Indian Paintbrush, American Empirical Pictures",Best Animated Feature,FALSE,Animated Feature-Length Film
2018,Ralph Breaks the Internet,Walt Disney Animation Studios,Best Animated Feature,FALSE,Animated Feature-Length Film
2018,Weekends,Past Lives Productions,Best Animated Short Subject,TRUE,Animated Short Film
2018,Grandpa Walrus,Caïmans Productions,Best Animated Short Subject,FALSE,Animated Short Film
2018,Lost & Found,Wabi Sabi Studios,Best Animated Short Subject,FALSE,Animated Short Film
2018,SOLAR WALK,Nørlum,Best Animated Short Subject,FALSE,Animated Short Film
2018,Untravel,Film House Baš Čelik,Best Animated Short Subject,FALSE,Animated Short Film
2017,Coco,Pixar Animation Studios,Best Animated Feature,TRUE,Animated Feature-Length Film
2017,The Boss Baby,DreamWorks Animation,Best Animated Feature,FALSE,Animated Feature-Length Film
2017,Captain Underpants: The First Epic Movie,DreamWorks Animation,Best Animated Feature,FALSE,Animated Feature-Length Film
2017,Cars 3,Pixar Animation Studios,Best Animated Feature,FALSE,Animated Feature-Length Film
2017,Despicable Me 3,Illumination Entertainment,Best Animated Feature,FALSE,Animated Feature-Length Film
2017,Dear Basketball,Glen Keane Productions,Best Animated Short Subject,TRUE,Animated Short Film
2017,Hedgehog's Home,National Film Board of Canada,Best Animated Short Subject,FALSE,Animated Short Film
2017,Negative Space,"IKKI Films, Manuel Cam Studio",Best Animated Short Subject,FALSE,Animated Short Film
2017,Scavengers,"Titmouse, Inc., Adult Swim",Best Animated Short Subject,FALSE,Animated Short Film
2017,Son of Jaguar,Google Spotlight Stories,Best Animated Short Subject,FALSE,Animated Short Film
2016,Zootopia,Walt Disney Animation Studios,Best Animated Feature,TRUE,Animated Feature-Length Film
2016,Finding Dory,Pixar Animation Studios,Best Animated Feature,FALSE,Animated Feature-Length Film
2016,Kubo and the Two Strings,Laika,Best Animated Feature,FALSE,Animated Feature-Length Film
2016,Kung Fu Panda 3,DreamWorks Animation,Best Animated Feature,FALSE,Animated Feature-Length Film
2016,Moana,Walt Disney Animation Studios,Best Animated Feature,FALSE,Animated Feature-Length Film
2016,Piper,Pixar Animation Studios,Best Animated Short Subject,TRUE,Animated Short Film
2016,Blind Vaysha,National Film Board of Canada,Best Animated Short Subject,FALSE,Animated Short Film
2016,Deer Flower,Studio ZAZAC,Best Animated Short Subject,FALSE,Animated Short Film
2016,Path Title Sequence,Acme Filmworks,Best Animated Short Subject,FALSE,Animated Short Film
2016,Pearl,"Google Spotlight Stories,Evil Eye Pictures",Best Animated Short Subject,FALSE,Animated Short Film
2015,Inside Out,Pixar Animation Studios,Best Animated Feature,TRUE,Animated Feature-Length Film
2015,Anomalisa,Paramount Pictures,Best Animated Feature,FALSE,Animated Feature-Length Film
2015,The Good Dinosaur,Pixar Animation Studios,Best Animated Feature,FALSE,Animated Feature-Length Film
2015,The Peanuts Movie,"20th Century Fox Animation, Blue Sky Studios",Best Animated Feature,FALSE,Animated Feature-Length Film
2015,Shaun the Sheep Movie,Aardman Animations,Best Animated Feature,FALSE,Animated Feature-Length Film
2015,World of Tomorrow,Don Hertzfeldt,Best Animated Short Subject,TRUE,Animated Short Film
2015,Carface,National Film Board of Canada,Best Animated Short Subject,FALSE,Animated Short Film
2015,DISSONANCE,frameboX,Best Animated Short Subject,FALSE,Animated Short Film
2015,If I Was God...,National Film Board of Canada,Best Animated Short Subject,FALSE,Animated Short Film
2015,On Ice,Google/Evil Eye Pictures,Best Animated Short Subject,FALSE,Animated Short Film
2015,Sanjay's Super Team,Pixar Animation Studios,Best Animated Short Subject,FALSE,Animated Short Film
2014,How to Train Your Dragon 2,DreamWorks Animation Studios SKG,Best Animated Feature,TRUE,Animated Feature-Length Film
2014,The Tale of the Princess Kaguya,"Studio Ghibli, GKIDS",Best Animated Feature,FALSE,Animated Feature-Length Film
2014,Big Hero 6,Walt Disney Animation Studios,Best Animated Feature,FALSE,Animated Feature-Length Film
2014,The Book of Life,"20th Century Fox, Reel FX Animation Studios",Best Animated Feature,FALSE,Animated Feature-Length Film
2014,The Boxtrolls,"Laika, Focus Features",Best Animated Feature,FALSE,Animated Feature-Length Film
2014,Cheatin',Plymptoons Studio,Best Animated Feature,FALSE,Animated Feature-Length Film
2014,The Lego Movie,"Warner Bros. Pictures, Warner Animation Group",Best Animated Feature,FALSE,Animated Feature-Length Film
2014,Song of the Sea,"Cartoon Saloon, GKIDS",Best Animated Feature,FALSE,Animated Feature-Length Film
2014,Feast,Walt Disney Animation Studios,Best Animated Short Subject,TRUE,Animated Short Film
2014,Coda,And Maps And Plans Ltd.,Best Animated Short Subject,FALSE,Animated Short Film
2014,Duet,"Glen Keane Productions, Google ATAP",Best Animated Short Subject,FALSE,Animated Short Film
2014,"The Simpsons – ""Michal Socha Couch Gag”","Gracie Films, 20th Century Fox Television",Best Animated Short Subject,FALSE,Animated Short Film
2014,Me and My Moulton,"Mikrofilm AS, National Film Board of Canada",Best Animated Short Subject,FALSE,Animated Short Film
2014,Silent,Moonbot Studios,Best Animated Short Subject,FALSE,Animated Short Film
2014,The Dam Keeper,Tonko House LLC,Best Animated Short Subject,FALSE,Animated Short Film
2014,The Raven,Moonbot Studios,Best Animated Short Subject,FALSE,Animated Short Film
2013,Frozen,Walt Disney Animation Studios,Best Animated Feature,TRUE,Animated Feature-Length Film
2013,The Croods,DreamWorks Animation,Best Animated Feature,FALSE,Animated Feature-Length Film
2013,Despicable Me 2,Illumination Entertainment,Best Animated Feature,FALSE,Animated Feature-Length Film
2013,Ernest & Celestine,Les Armateurs,Best Animated Feature,FALSE,Animated Feature-Length Film
2013,A Letter to Momo,Production I.G,Best Animated Feature,FALSE,Animated Feature-Length Film
2013,Monsters University,Pixar Animation Studios,Best Animated Feature,FALSE,Animated Feature-Length Film
2013,The Wind Rises,"Studio Ghibli, Touchstone Pictures",Best Animated Feature,FALSE,Animated Feature-Length Film
2013,Get a Horse!,Walt Disney Animation Studios,Best Animated Short Subject,TRUE,Animated Short Film
2013,"Despicable Me 2 – ""Puppy""",Illumination Entertainment,Best Animated Short Subject,FALSE,Animated Short Film
2013,Gloria Victoria,National Film Board of Canada,Best Animated Short Subject,FALSE,Animated Short Film
2013,My Mom is an Airplane,Acme Filmworks,Best Animated Short Subject,FALSE,Animated Short Film
2013,The Numberlys,Moonbot Studios,Best Animated Short Subject,FALSE,Animated Short Film
2012,Wreck-It Ralph,Walt Disney Animation Studios,Best Animated Feature,TRUE,Animated Feature-Length Film
2012,Brave,Pixar Animation Studios,Best Animated Feature,FALSE,Animated Feature-Length Film
2012,Frankenweenie,The Walt Disney Studios,Best Animated Feature,FALSE,Animated Feature-Length Film
2012,Hotel Transylvania,Sony Pictures Animation,Best Animated Feature,FALSE,Animated Feature-Length Film
2012,ParaNorman,"Laika, Focus Features",Best Animated Feature,FALSE,Animated Feature-Length Film
2012,The Pirates! Band of Misfits,"Aardman Animations, Sony Pictures Animation",Best Animated Feature,FALSE,Animated Feature-Length Film
2012,The Rabbi's Cat,GKIDS,Best Animated Feature,FALSE,Animated Feature-Length Film
2012,Rise of the Guardians,DreamWorks Animation,Best Animated Feature,FALSE,Animated Feature-Length Film
2012,Paperman,Walt Disney Animation Studios,Best Animated Short Subject,TRUE,Animated Short Film
2012,Brad and Gary,Illumination Entertainment,Best Animated Short Subject,FALSE,Animated Short Film
2012,Bydlo,National Film Board of Canada,Best Animated Short Subject,FALSE,Animated Short Film
2012,Eyes on the Stars,StoryCorps,Best Animated Short Subject,FALSE,Animated Short Film
2012,Goodnight Mr. Foot,Sony Pictures Animation,Best Animated Short Subject,FALSE,Animated Short Film
2012,Kali the Little Vampire,National Film Board of Canada,Best Animated Short Subject,FALSE,Animated Short Film
2012,Maggie Simpson in The Longest Daycare,"Gracie Films, 20th Century Fox Television",Best Animated Short Subject,FALSE,Animated Short Film
2012,"The Simpsons – ""Bill Plympton Couch Gag""","Gracie Films, 20th Century Fox Television",Best Animated Short Subject,FALSE,Animated Short Film
2011,Rango,"Nickelodeon Movies, Paramount Pictures, Blind Wink, GK Films Production",Best Animated Feature,TRUE,Animated Feature-Length Film
2011,The Adventures of Tintin,"Amblin Entertainment, The Kennedy/Marshall Company, WingNut Films",Best Animated Feature,FALSE,Animated Feature-Length Film
2011,Arthur Christmas,"Aardman Animations, Sony Pictures Animation",Best Animated Feature,FALSE,Animated Feature-Length Film
2011,Cars 2,Pixar Animation Studios,Best Animated Feature,FALSE,Animated Feature-Length Film
2011,A Cat in Paris,Folimage,Best Animated Feature,FALSE,Animated Feature-Length Film
2011,Chico & Rita,Chico & Rita Distribution Limited,Best Animated Feature,FALSE,Animated Feature-Length Film
2011,Kung Fu Panda 2,DreamWorks Animation,Best Animated Feature,FALSE,Animated Feature-Length Film
2011,Puss in Boots,DreamWorks Animation,Best Animated Feature,FALSE,Animated Feature-Length Film
2011,Rio,Blue Sky Studios,Best Animated Feature,FALSE,Animated Feature-Length Film
2011,Arrugas (Wrinkles),"Perro Verde Films, S.L.",Best Animated Feature,FALSE,Animated Feature-Length Film
2011,Adam and Dog,Minkyu Lee,Best Animated Short Subject,TRUE,Animated Short Film
2011,I Tawt I Taw A Puddy Tat,Warner Bros. Animation,Best Animated Short Subject,FALSE,Animated Short Film
2011,La Luna,Pixar Animation Studios,Best Animated Short Subject,FALSE,Animated Short Film
2011,(Notes on) Biology,Ornana Films,Best Animated Short Subject,FALSE,Animated Short Film
2011,Paths of Hate,Platige Image,Best Animated Short Subject,FALSE,Animated Short Film
2011,Sunday (Dimanche),National Film Board of Canada,Best Animated Short Subject,FALSE,Animated Short Film
2011,Wild Life,National Film Board of Canada,Best Animated Short Subject,FALSE,Animated Short Film
2011,The Ballad of Nessie,Walt Disney Animation Studios,Best Animated Short Subject,FALSE,Animated Short Film
2011,The Girl and the Fox,Base14,Best Animated Short Subject,FALSE,Animated Short Film
2010,How to Train Your Dragon,DreamWorks Animation,Best Animated Feature,TRUE,Animated Feature-Length Film
2010,Despicable Me,"Illumination Entertainment, Universal Pictures",Best Animated Feature,FALSE,Animated Feature-Length Film
2010,Toy Story 3,"Walt Disney Pictures, Pixar Animation Studios",Best Animated Feature,FALSE,Animated Feature-Length Film
2010,The Illusionist,Django Films,Best Animated Feature,FALSE,Animated Feature-Length Film
2010,Tangled,Walt Disney Pictures,Best Animated Feature,FALSE,Animated Feature-Length Film
2010,Day & Night,Pixar Animation Studios,Best Animated Short Subject,TRUE,Animated Short Film
2010,The Renter,Jason Carpenter,Best Animated Short Subject,FALSE,Animated Short Film
2010,The Cow Who Wanted to Be a Hamburger,Plymptoons Studio,Best Animated Short Subject,FALSE,Animated Short Film
2010,Enrique Wrecks the World,House of Chai,Best Animated Short Subject,FALSE,Animated Short Film
2010,Coyote Falls,Warner Bros. Animation,Best Animated Short Subject,FALSE,Animated Short Film
2009,Up,Pixar Animation Studios,Best Animated Feature,TRUE,Animated Feature-Length Film
2009,Cloudy with a Chance of Meatballs,Sony Pictures Animation,Best Animated Feature,FALSE,Animated Feature-Length Film
2009,Coraline,Laika,Best Animated Feature,FALSE,Animated Feature-Length Film
2009,Fantastic Mr. Fox,20th Century Fox,Best Animated Feature,FALSE,Animated Feature-Length Film
2009,The Princess and the Frog,Walt Disney Animation Studios,Best Animated Feature,FALSE,Animated Feature-Length Film
2009,The Secret of Kells,Cartoon Saloon,Best Animated Feature,FALSE,Animated Feature-Length Film
2009,Robot Chicken: Star Wars Episode II,ShadowMachine,Best Animated Short Subject,TRUE,Animated Short Film
2009,Pups of Liberty,Picnic Pictures,Best Animated Short Subject,FALSE,Animated Short Film
2009,"Santa, the Fascist Years",Plymptoons,Best Animated Short Subject,FALSE,Animated Short Film
2009,"The Rooster, The Crocodile and The Night Sky",Barley Films,Best Animated Short Subject,FALSE,Animated Short Film
2009,The Story of Walls,Badmash Animation Studios,Best Animated Short Subject,FALSE,Animated Short Film
2008,Kung Fu Panda,DreamWorks Animation,Best Animated Feature,TRUE,Animated Feature-Length Film
2008,$9.99,"Sherman Pictures, Lama Films",Best Animated Feature,FALSE,Animated Feature-Length Film
2008,Bolt,Walt Disney Animation Studios,Best Animated Feature,FALSE,Animated Feature-Length Film
2008,WALL-E,Pixar Animation Studios,Best Animated Feature,FALSE,Animated Feature-Length Film
2008,Waltz with Bashir,"Bridgit Folman, Les Films D'ici, Razor Films, Sony Pictures Classics",Best Animated Feature,FALSE,Animated Feature-Length Film
2008,A Matter of Loaf and Death,Aardman Animations,Best Animated Short Subject,TRUE,Animated Short Film
2008,Glago's Guest,Walt Disney Animation Studios,Best Animated Short Subject,FALSE,Animated Short Film
2008,Hot Dog,Bill Plympton Studios,Best Animated Short Subject,FALSE,Animated Short Film
2008,Presto,Pixar Animation Studios,Best Animated Short Subject,FALSE,Animated Short Film
2008,Cookie Blues,Luke Rosin (eLuko Productions),Best Animated Short Subject,FALSE,Animated Short Film
2007,Ratatouille,Pixar Animation Studios,Best Animated Feature,TRUE,Animated Feature-Length Film
2007,Bee Movie,DreamWorks Animation,Best Animated Feature,FALSE,Animated Feature-Length Film
2007,Persepolis,Sony Pictures Classics,Best Animated Feature,FALSE,Animated Feature-Length Film
2007,The Simpsons Movie,20th Century Fox Animation,Best Animated Feature,FALSE,Animated Feature-Length Film
2007,Surf's Up,Sony Pictures Animation,Best Animated Feature,FALSE,Animated Feature-Length Film
2007,Your Friend the Rat,Pixar Animation Studios,Best Animated Short Subject,TRUE,Animated Short Film
2007,"Shorty McShorts' Shorts (for ""Mascot Prep"")",Walt Disney Television Animation,Best Animated Short Subject,FALSE,Animated Short Film
2007,The Chestnut Tree,Picnic Pictures,Best Animated Short Subject,FALSE,Animated Short Film
2007,Everything Will Be OK,Don Hertzfeldt,Best Animated Short Subject,FALSE,Animated Short Film
2007,How to Hook Up Your Home Theater,Walt Disney Animation Studios,Best Animated Short Subject,FALSE,Animated Short Film
2006,Cars,Pixar Animation Studios,Best Animated Feature,TRUE,Animated Feature-Length Film
2006,Happy Feet,"Warner Bros. Pictures, Animal Logic, Kennedy Miller Mitchell, Village Roadshow Pictures",Best Animated Feature,FALSE,Animated Feature-Length Film
2006,Monster House,"Amblin Entertainment, Columbia Pictures, ImageMovers",Best Animated Feature,FALSE,Animated Feature-Length Film
2006,Over the Hedge,DreamWorks Animation,Best Animated Feature,FALSE,Animated Feature-Length Film
2006,Open Season,"Columbia Pictures, Sony Pictures Animation",Best Animated Feature,FALSE,Animated Feature-Length Film
2006,No Time for Nuts,Blue Sky Studios,Best Animated Short Subject,TRUE,Animated Short Film
2006,Adventure Time,Nickelodeon,Best Animated Short Subject,FALSE,Animated Short Film
2006,Don't Download This Song,Acme Filmworks,Best Animated Short Subject,FALSE,Animated Short Film
2006,Fumi and the Bad Luck Foot,Thunderbean Animation,Best Animated Short Subject,FALSE,Animated Short Film
2005,Wallace & Gromit: The Curse of the Were-Rabbit,"Aardman Animations, DreamWorks Animation",Best Animated Feature,TRUE,Animated Feature-Length Film
2005,Chicken Little,Walt Disney Feature Animation,Best Animated Feature,FALSE,Animated Feature-Length Film
2005,Corpse Bride,"Laika Entertainment Production, Warner Bros. Pictures",Best Animated Feature,FALSE,Animated Feature-Length Film
2005,Howl's Moving Castle,"Walt Disney Pictures, Studio Ghibli",Best Animated Feature,FALSE,Animated Feature-Length Film
2005,Madagascar,DreamWorks Animation,Best Animated Feature,FALSE,Animated Feature-Length Film
2005,The Fan and the Flower,"Atomic Television, Plymptoons Productions",Best Animated Short Subject,TRUE,Animated Short Film
2005,Life in Transition,Stretch Films,Best Animated Short Subject,FALSE,Animated Short Film
2005,Milch,Klasky Csupo,Best Animated Short Subject,FALSE,Animated Short Film
2005,The Moon and the Son: An Imagined Conversation,John Canemaker Productions,Best Animated Short Subject,FALSE,Animated Short Film
2005,Moongirl,Laika,Best Animated Short Subject,FALSE,Animated Short Film
2025,Elio,Pixar Animation Studios,Best Feature,FALSE,Animated Feature-Length Film
2025,KPop Demon Hunters,Sony Pictures Animation,Best Feature,FALSE,Animated Feature-Length Film
2025,KPop Demon Hunters,Netflix,Best Feature,FALSE,Animated Feature-Length Film
2025,Little Amélie or the Character of Rain,Maybe Movies,Best Feature,FALSE,Animated Feature-Length Film
2025,Little Amélie or the Character of Rain,Ikki Films,Best Feature,FALSE,Animated Feature-Length Film
2025,Little Amélie or the Character of Rain,GKIDS,Best Feature,FALSE,Animated Feature-Length Film
2025,The Bad Guys 2,DreamWorks Animation,Best Feature,FALSE,Animated Feature-Length Film
2025,Zootopia 2,Walt Disney Animation Studios,Best Feature,FALSE,Animated Feature-Length Film
2025,Cardboard,Locksmith Animation,Best Short Subject,FALSE,Animated Short Film
2025,Ovary-Acting,Klipp og Lim,Best Short Subject,FALSE,Animated Short Film
2025,Ovary-Acting,Jante Films,Best Short Subject,FALSE,Animated Short Film
2025,Ovary-Acting,Apparat Filmproduktion AB,Best Short Subject,FALSE,Animated Short Film
2025,Pillowzzz,Animoshe,Best Short Subject,FALSE,Animated Short Film
2025,Snow Bear,The Art of Aaron Blaise,Best Short Subject,FALSE,Animated Short Film
2025,The Girl Who Cried Pearls,National Film Board of Canada,Best Short Subject,FALSE,Animated Short Film