Year,Film,Nominee,Source,Category,Won,Concordance
2024,A Complete Unknown,James Mangold,"the book ""Dylan Goes Electric"" by Elijah Wald",Adapted Screenplay,FALSE,Screenplay (Adapted)
2024,A Complete Unknown,Jay Cocks,"the book ""Dylan Goes Electric"" by Elijah Wald",Adapted Screenplay,FALSE,Screenplay (Adapted)
2024,Dune: Part Two,Denis Villeneuve,"the novel ""Dune"" by Frank Herbert",Adapted Screenplay,FALSE,Screenplay (Adapted)
2024,Hit Man,Richard Linklater,the Texas Monthly article by Skip Hollandsworth,Adapted Screenplay,FALSE,Screenplay (Adapted)
2024,Hit Man,Glen Powell,the Texas Monthly article by Skip Hollandsworth,Adapted Screenplay,FALSE,Screenplay (Adapted)
2024,Nickel Boys,RaMell Ross,"the book ""The Nickel Boys"" by Colson Whitehead",Adapted Screenplay,TRUE,Screenplay (Adapted)
2024,Nickel Boys,Joslyn Barnes,"the book ""The Nickel Boys"" by Colson Whitehead",Adapted Screenplay,TRUE,Screenplay (Adapted)
2024,Wicked,Winnie Holzman,"the musical stage play with music and lyrics by Stephen Schwartz and book by Winnie Holzman, from the novel by Gregory Maguire",Adapted Screenplay,FALSE,Screenplay (Adapted)
2024,Wicked,Dana Fox,"the musical stage play with music and lyrics by Stephen Schwartz and book by Winnie Holzman, from the novel by Gregory Maguire",Adapted Screenplay,FALSE,Screenplay (Adapted)
2024,Anora,Sean Baker,,Original Screenplay,TRUE,Screenplay (Original)
2024,Challengers,Justin Kuritzkes,,Original Screenplay,FALSE,Screenplay (Original)
2024,Civil War,Alex Garland,,Original Screenplay,FALSE,Screenplay (Original)
2024,My Old Ass,Megan Park,,Original Screenplay,FALSE,Screenplay (Original)
2024,A Real Pain,Jesse Eisenberg,,Original Screenplay,FALSE,Screenplay (Original)
2024,Jim Henson: Idea Man,Mark Monroe,,Documentary Screenplay,TRUE,
2024,Kiss the Future,Bill S. Carter,,Documentary Screenplay,FALSE,
2024,Kiss the Future,Nenad Cicin-Sain,,Documentary Screenplay,FALSE,
2024,Martha,R. J. Cutler,,Documentary Screenplay,FALSE,
2024,War Game,Tony Gerber,,Documentary Screenplay,FALSE,
2024,War Game,Jesse Moss,,Documentary Screenplay,FALSE,
2023,American Fiction,Cord Jefferson,the novel by Percival Everett,Adapted Screenplay,TRUE,Screenplay (Adapted)
2023,"Are You There, God? It's Me, Margaret",Kelly Fremon Craig,the book by Judy Blume,Adapted Screenplay,FALSE,Screenplay (Adapted)
2023,Killers of the Flower Moon,Eric Roth,the book by David Grann,Adapted Screenplay,FALSE,Screenplay (Adapted)
2023,Killers of the Flower Moon,Martin Scorcese,the book by David Grann,Adapted Screenplay,FALSE,Screenplay (Adapted)
2023,Nyad,Julia Cox,"the book ""Find a Way"" by Diana Nyad",Adapted Screenplay,FALSE,Screenplay (Adapted)
2023,Oppenheimer,Christopher Nolan,the book by Kai Bird and Martin J. Sherwin,Adapted Screenplay,FALSE,Screenplay (Adapted)
2023,Air,Alex Convery,,Original Screenplay,FALSE,Screenplay (Original)
2023,Barbie,Greta Gerwig,,Original Screenplay,FALSE,Screenplay (Original)
2023,Barbie,Noah Baumbach,,Original Screenplay,FALSE,Screenplay (Original)
2023,The Holdovers,David Hemingson,,Original Screenplay,TRUE,Screenplay (Original)
2023,May December,Samy Burch,,Original Screenplay,FALSE,Screenplay (Original)
2023,May December,Alex Mechanik,,Original Screenplay,FALSE,Screenplay (Original)
2023,Past Lives,Celine Song,,Original Screenplay,FALSE,Screenplay (Original)
2023,Bella!,Jeff L. Lieberman,,Documentary Screenplay,FALSE,
2023,It Ain't Over,Sean Mullin,,Documentary Screenplay,FALSE,
2023,The Pigeon Tunnel,Errol Morris,,Documentary Screenplay,TRUE,
2023,Stamped from the Beginning,David Teague,the book by Ibram X. Kendi,Documentary Screenplay,FALSE,
2022,Black Panther: Wakanda Forever,Ryan Coogler,the Marvel Comics,Adapted Screenplay,FALSE,Screenplay (Adapted)
2022,Black Panther: Wakanda Forever,Joe Robert Cole,the Marvel Comics,Adapted Screenplay,FALSE,Screenplay (Adapted)
2022,Glass Onion: A 'Knives Out' Mystery,Rian Johnson,the character Benoît Blanc created by Rian Johnson,Adapted Screenplay,FALSE,Screenplay (Adapted)
2022,She Said,Rebecca Lenkiewicz,the book of the same title by Jodi Kantor and Megan Twohey,Adapted Screenplay,FALSE,Screenplay (Adapted)
2022,Top Gun: Maverick,Ehren Kruger,"characters created by Jim Cash and Jack Epps, Jr.",Adapted Screenplay,FALSE,Screenplay (Adapted)
2022,Top Gun: Maverick,Eric Warren Singer,"characters created by Jim Cash and Jack Epps, Jr.",Adapted Screenplay,FALSE,Screenplay (Adapted)
2022,Top Gun: Maverick,Christopher McQuarrie,"characters created by Jim Cash and Jack Epps, Jr.",Adapted Screenplay,FALSE,Screenplay (Adapted)
2022,Top Gun: Maverick,Peter Craig,"characters created by Jim Cash and Jack Epps, Jr.",Adapted Screenplay,FALSE,Screenplay (Adapted)
2022,Top Gun: Maverick,Justin Marks,"characters created by Jim Cash and Jack Epps, Jr.",Adapted Screenplay,FALSE,Screenplay (Original)
2022,Women Talking,Sarah Polley,the book of the same title by Miriam Toews,Adapted Screenplay,TRUE,Screenplay (Original)
2022,Everything Everywhere All at Once,Daniel Kwan,,Original Screenplay,TRUE,Screenplay (Original)
2022,Everything Everywhere All at Once,Daniel Scheinert,,Original Screenplay,TRUE,Screenplay (Original)
2022,The Fabelmans,Steven Spielberg,,Original Screenplay,FALSE,Screenplay (Original)
2022,The Fabelmans,Tony Kushner,,Original Screenplay,FALSE,Screenplay (Original)
2022,The Menu,Seth Reiss,,Original Screenplay,FALSE,Screenplay (Original)
2022,The Menu,Will Tracy,,Original Screenplay,FALSE,Screenplay (Original)
2022,Nope,Jordan Peele,,Original Screenplay,FALSE,Screenplay (Original)
2022,Tár,Todd Field,,Original Screenplay,FALSE,Screenplay (Original)
2022,2nd Chance,Ramin Bahrani,,Documentary Screenplay,FALSE,
2022,Downfall: The Case against Boeing,Mark Bailey,,Documentary Screenplay,FALSE,
2022,Downfall: The Case against Boeing,Keven McAlester,,Documentary Screenplay,FALSE,
2022,Last Flight Home,Ondi Timoner,,Documentary Screenplay,FALSE,
2022,Moonage Daydream,Brett Morgen,,Documentary Screenplay,TRUE,
2022,¡Viva Maestro!,Theodore Braun,,Documentary Screenplay,FALSE,
2021,CODA,Siân Heder,"The film La Famille Belier by Victoria Bedos, Thomas Bidegain, Stanislas Carree de Malberg, and Eric Lartigau",Adapted Screenplay,TRUE,Screenplay (Adapted)
2021,Dune,Eric Roth,The novel by Frank Herbert,Adapted Screenplay,FALSE,Screenplay (Adapted)
2021,Dune,Jon Spaihts,The novel by Frank Herbert,Adapted Screenplay,FALSE,Screenplay (Adapted)
2021,Dune,Denis Villeneuve,The novel by Frank Herbert,Adapted Screenplay,FALSE,Screenplay (Adapted)
2021,Nightmare Alley,Guillermo del Toro,The novel by William Lindsay Gresham,Adapted Screenplay,FALSE,Screenplay (Adapted)
2021,Nightmare Alley,Kim Morgan,The novel by William Lindsay Gresham,Adapted Screenplay,FALSE,Screenplay (Adapted)
2021,tick…tick…BOOM!,Steven Levenson,The play by Jonathan Larson,Adapted Screenplay,FALSE,Screenplay (Adapted)
2021,West Side Story,Tony Kushner,"The stage play, by Leonard Bernstein, Arthur Laurents, Jerome Robbins, and Stephen Sondheim",Adapted Screenplay,FALSE,Screenplay (Adapted)
2021,Being the Ricardos,Aaron Sorkin,,Original Screenplay,FALSE,Screenplay (Original)
2021,Don't Look Up,David Sirota,,Original Screenplay,TRUE,Screenplay (Original)
2021,The French Dispatch,Wes Anderson,,Original Screenplay,FALSE,Screenplay (Original)
2021,The French Dispatch,Roman Coppola,,Original Screenplay,FALSE,Screenplay (Original)
2021,The French Dispatch,Hugo Guinness,,Original Screenplay,FALSE,Screenplay (Original)
2021,The French Dispatch,Jason Schwartzman,,Original Screenplay,FALSE,Screenplay (Original)
2021,King Richard,Zach Baylin,,Original Screenplay,FALSE,Screenplay (Original)
2021,Licorice Pizza,Paul Thomas Anderson,,Original Screenplay,FALSE,Screenplay (Original)
2021,Don't Look Up,Adam McKay,,Original Screenplay,TRUE,Screenplay (Original)
2021,Becoming Cousteau,Mark Monroe,,Documentary Screenplay,FALSE,
2021,Becoming Cousteau,Pax Wasserman,,Documentary Screenplay,FALSE,
2021,Exposing Muybridge,Marc Shaffer,,Documentary Screenplay,TRUE,
2021,Like a Rolling Stone: The Life & Times of Ben Fong-Torres,Alex Gibney,,Documentary Screenplay,FALSE,
2020,Borat Subsequent Moviefilm: Delivery of Prodigious Bride to American Regime for Make Benefit Once Glorious Nation of Kazakhstan,Sacha Baron Cohen,The characters created by Sacha Baron Cohen,Adapted Screenplay,TRUE,Screenplay (Adapted)
2020,Borat Subsequent Moviefilm: Delivery of Prodigious Bride to American Regime for Make Benefit Once Glorious Nation of Kazakhstan,Anthony Hines,The characters created by Sacha Baron Cohen,Adapted Screenplay,TRUE,Screenplay (Adapted)
2020,Borat Subsequent Moviefilm: Delivery of Prodigious Bride to American Regime for Make Benefit Once Glorious Nation of Kazakhstan,Dan Swimer,The characters created by Sacha Baron Cohen,Adapted Screenplay,TRUE,Screenplay (Adapted)
2020,Borat Subsequent Moviefilm: Delivery of Prodigious Bride to American Regime for Make Benefit Once Glorious Nation of Kazakhstan,Peter Baynham,The characters created by Sacha Baron Cohen,Adapted Screenplay,TRUE,Screenplay (Adapted)
2020,Borat Subsequent Moviefilm: Delivery of Prodigious Bride to American Regime for Make Benefit Once Glorious Nation of Kazakhstan,Erica Rivinoja,The characters created by Sacha Baron Cohen,Adapted Screenplay,TRUE,Screenplay (Adapted)
2020,Borat Subsequent Moviefilm: Delivery of Prodigious Bride to American Regime for Make Benefit Once Glorious Nation of Kazakhstan,Dan Mazer,The characters created by Sacha Baron Cohen,Adapted Screenplay,TRUE,Screenplay (Adapted)
2020,Borat Subsequent Moviefilm: Delivery of Prodigious Bride to American Regime for Make Benefit Once Glorious Nation of Kazakhstan,Jena Friedman,The characters created by Sacha Baron Cohen,Adapted Screenplay,TRUE,Screenplay (Adapted)
2020,Borat Subsequent Moviefilm: Delivery of Prodigious Bride to American Regime for Make Benefit Once Glorious Nation of Kazakhstan,Lee Kern,The characters created by Sacha Baron Cohen,Adapted Screenplay,TRUE,Screenplay (Adapted)
2020,Borat Subsequent Moviefilm: Delivery of Prodigious Bride to American Regime for Make Benefit Once Glorious Nation of Kazakhstan,Nina Pedrad,The characters created by Sacha Baron Cohen,Adapted Screenplay,TRUE,Screenplay (Adapted)
2020,Ma Rainey's Black Bottom,Ruben Santiago-Hudson,The play by August Wilson,Adapted Screenplay,FALSE,Screenplay (Adapted)
2020,News of the World,Paul Greengrass,The novel by Paulette Jiles,Adapted Screenplay,FALSE,Screenplay (Adapted)
2020,News of the World,Luke Davies,The novel by Paulette Jiles,Adapted Screenplay,FALSE,Screenplay (Adapted)
2020,One Night in Miami...,Kemp Powers,The play by Kemp Powers,Adapted Screenplay,FALSE,Screenplay (Adapted)
2020,The White Tiger,Ramin Bahrani,The novel by Aravind Adiga,Adapted Screenplay,FALSE,Screenplay (Adapted)
2020,Promising Young Woman,Emerald Fennell,,Original Screenplay,TRUE,Screenplay (Original)
2020,Judas and the Black Messiah,Will Berson,,Original Screenplay,FALSE,Screenplay (Original)
2020,Judas and the Black Messiah,Shaka King,,Original Screenplay,FALSE,Screenplay (Original)
2020,Judas and the Black Messiah,Kenny Lucas,,Original Screenplay,FALSE,Screenplay (Original)
2020,Judas and the Black Messiah,Keith Lucas,,Original Screenplay,FALSE,Screenplay (Original)
2020,Palm Springs,Andy Siara,,Original Screenplay,FALSE,Screenplay (Original)
2020,Palm Springs,Max Barbakow,,Original Screenplay,FALSE,Screenplay (Original)
2020,Sound of Metal,Darius Marder,,Original Screenplay,FALSE,Screenplay (Original)
2020,Sound of Metal,Abraham Marder,,Original Screenplay,FALSE,Screenplay (Original)
2020,Sound of Metal,Derek Cianfrance,,Original Screenplay,FALSE,Screenplay (Original)
2020,The Trial of the Chicago 7,Aaron Sorkin,,Original Screenplay,FALSE,Screenplay (Original)
2020,The Dissident,Mark Monroe,,Documentary Screenplay,TRUE,
2020,The Dissident,Bryan Fogel,,Documentary Screenplay,TRUE,
2020,All In: The Fight for Democracy,Jack Youngelson,,Documentary Screenplay,FALSE,
2020,Herb Albert Is...,John Scheinfeld,,Documentary Screenplay,FALSE,
2020,Red Penguins,Gabe Polsky,,Documentary Screenplay,FALSE,
2020,Totally Under Control,Alex Gibney,,Documentary Screenplay,FALSE,
2019,Jojo Rabbit,Taika Waititi,The novel Caging Skies by Christine Leunens,Adapted Screenplay,TRUE,Screenplay (Adapted)
2019,A Beautiful Day in the Neighborhood,Micah Fitzerman-Blue,"The article ""Can You Say ... Hero?""by Tom Junod",Adapted Screenplay,FALSE,Screenplay (Adapted)
2019,A Beautiful Day in the Neighborhood,Noah Harpster,"The article ""Can You Say ... Hero?""by Tom Junod",Adapted Screenplay,FALSE,Screenplay (Adapted)
2019,The Irishman,Steven Zaillian,The novel I Heard You Paint Houses by Charles Brandt,Adapted Screenplay,FALSE,Screenplay (Adapted)
2019,Joker,Todd Phillips,The characters from DC Comics,Adapted Screenplay,FALSE,Screenplay (Adapted)
2019,Joker,Scott Silver,The characters from DC Comics,Adapted Screenplay,FALSE,Screenplay (Adapted)
2019,Little Women,Greta Gerwig,The novel by Louisa May Alcott,Adapted Screenplay,FALSE,Screenplay (Adapted)
2019,Parasite,Bong Joon-ho,,Original Screenplay,TRUE,Screenplay (Original)
2019,Parasite,Han Jin-won,,Original Screenplay,TRUE,Screenplay (Original)
2019,1917,Sam Mendes,,Original Screenplay,FALSE,Screenplay (Original)
2019,1917,Krysty Wilson-Cairns,,Original Screenplay,FALSE,Screenplay (Original)
2019,Booksmart,Emily Halpern,,Original Screenplay,FALSE,Screenplay (Original)
2019,Booksmart,Sarah Haskins,,Original Screenplay,FALSE,Screenplay (Original)
2019,Booksmart,Susanna Fogel,,Original Screenplay,FALSE,Screenplay (Original)
2019,Booksmart,Katie Silberman,,Original Screenplay,FALSE,Screenplay (Original)
2019,Knives Out,Rian Johnson,,Original Screenplay,FALSE,Screenplay (Original)
2019,Marriage Story,Noah Baumbach,,Original Screenplay,FALSE,Screenplay (Original)
2019,The Inventor: Out for Blood in Silicon Valley,Alex Gibney,,Documentary Screenplay,TRUE,
2019,Citizen K,Alex Gibney,,Documentary Screenplay,FALSE,
2019,Foster,Mark Jonathan Harris,,Documentary Screenplay,FALSE,
2019,Joseph Pulitzer: Voice of the People,Robert Seidman,,Documentary Screenplay,FALSE,
2019,Joseph Pulitzer: Voice of the People,Oren Rudavsky,,Documentary Screenplay,FALSE,
2019,The Kingmaker,Lauren Greenfield,,Documentary Screenplay,FALSE,
2018,Can You Ever Forgive Me?,Nicole Holofcener,The memoir by Lee Israel,Adapted Screenplay,TRUE,Screenplay (Adapted)
2018,Can You Ever Forgive Me?,Jeff Whitty,The memoir by Lee Israel,Adapted Screenplay,TRUE,Screenplay (Adapted)
2018,Black Panther,Joe Robert Cole,The Marvel Comics by Stan Lee and Jack Kirby,Adapted Screenplay,FALSE,Screenplay (Adapted)
2018,Black Panther,Ryan Coogler,The Marvel Comics by Stan Lee and Jack Kirby,Adapted Screenplay,FALSE,Screenplay (Adapted)
2018,BlacKkKlansman,Spike Lee,The memoir Black Klansman by Ron Stallworth,Adapted Screenplay,FALSE,Screenplay (Adapted)
2018,BlacKkKlansman,David Rabinowitz,The memoir Black Klansman by Ron Stallworth,Adapted Screenplay,FALSE,Screenplay (Adapted)
2018,BlacKkKlansman,Charlie Wachtel,The memoir Black Klansman by Ron Stallworth,Adapted Screenplay,FALSE,Screenplay (Adapted)
2018,BlacKkKlansman,Kevin Willmott,The memoir Black Klansman by Ron Stallworth,Adapted Screenplay,FALSE,Screenplay (Adapted)
2018,If Beale Street Could Talk,Barry Jenkins,The novel by James Baldwin,Adapted Screenplay,FALSE,Screenplay (Adapted)
2018,A Star Is Born,Eric Roth,"The 1954 screenplay by Moss Hart and the 1976 screenplay by John Gregory Dunne & Joan Didionand Frank Pierson, based on a story by William A. Wellman and Robert Carson",Adapted Screenplay,FALSE,Screenplay (Adapted)
2018,A Star Is Born,Bradley Cooper,"The 1954 screenplay by Moss Hart and the 1976 screenplay by John Gregory Dunne & Joan Didionand Frank Pierson, based on a story by William A. Wellman and Robert Carson",Adapted Screenplay,FALSE,Screenplay (Adapted)
2018,A Star Is Born,Will Fetters,"The 1954 screenplay by Moss Hart and the 1976 screenplay by John Gregory Dunne & Joan Didionand Frank Pierson, based on a story by William A. Wellman and Robert Carson",Adapted Screenplay,FALSE,Screenplay (Adapted)
2018,Eighth Grade,Bo Burnham,,Original Screenplay,TRUE,Screenplay (Original)
2018,Green Book,Nick Vallelonga,,Original Screenplay,FALSE,Screenplay (Original)
2018,Green Book,Brian Currie,,Original Screenplay,FALSE,Screenplay (Original)
2018,Green Book,Peter Farrelly,,Original Screenplay,FALSE,Screenplay (Original)
2018,A Quiet Place,Bryan Woods,,Original Screenplay,FALSE,Screenplay (Original)
2018,A Quiet Place,Scott Beck,,Original Screenplay,FALSE,Screenplay (Original)
2018,A Quiet Place,John Krasinski,,Original Screenplay,FALSE,Screenplay (Original)
2018,Roma,Alfonso Cuarón,,Original Screenplay,FALSE,Screenplay (Original)
2018,Vice,Adam McKay,,Original Screenplay,FALSE,Screenplay (Original)
2018,Bathtubs Over Broadway,Ozzy Inguanzo,,Documentary Screenplay,TRUE,
2018,Bathtubs Over Broadway,Dava Whisenant,,Documentary Screenplay,TRUE,
2018,Fahrenheit 11/9,Michael Moore,,Documentary Screenplay,FALSE,
2018,Generation Wealth,Lauren Greenfield,,Documentary Screenplay,FALSE,
2018,In Search of Greatness,Gabe Polsky,,Documentary Screenplay,FALSE,
2017,Call Me by Your Name,James Ivory,The novel by André Aciman,Adapted Screenplay,TRUE,Screenplay (Adapted)
2017,The Disaster Artist,Scott Neustadter,The book by Greg Sestero and Tom Bissell,Adapted Screenplay,FALSE,Screenplay (Adapted)
2017,The Disaster Artist,Michael H. Weber,The book by Greg Sestero and Tom Bissell,Adapted Screenplay,FALSE,Screenplay (Adapted)
2017,Logan,Scott Frank,The characters from the X-Men comic books and theatrical motion pictures,Adapted Screenplay,FALSE,Screenplay (Adapted)
2017,Logan,James Mangold,The characters from the X-Men comic books and theatrical motion pictures,Adapted Screenplay,FALSE,Screenplay (Adapted)
2017,Logan,Michael Green,The characters from the X-Men comic books and theatrical motion pictures,Adapted Screenplay,FALSE,Screenplay (Adapted)
2017,Molly's Game,Aaron Sorkin,The memoir by Molly Bloom,Adapted Screenplay,FALSE,Screenplay (Adapted)
2017,Mudbound,Virgil Williams,The novel by Hillary Jordan,Adapted Screenplay,FALSE,Screenplay (Adapted)
2017,Mudbound,Dee Rees,The novel by Hillary Jordan,Adapted Screenplay,FALSE,Screenplay (Adapted)
2017,Get Out,Jordan Peele,,Original Screenplay,TRUE,Screenplay (Original)
2017,The Big Sick,Emily V. Gordon,,Original Screenplay,FALSE,Screenplay (Original)
2017,The Big Sick,Kumail Nanjiani,,Original Screenplay,FALSE,Screenplay (Original)
2017,"I, Tonya",Steven Rogers,,Original Screenplay,FALSE,Screenplay (Original)
2017,Lady Bird,Greta Gerwig,,Original Screenplay,FALSE,Screenplay (Original)
2017,The Shape of Water,Guillermo del Toro,,Original Screenplay,FALSE,Screenplay (Original)
2017,The Shape of Water,Vanessa Taylor,,Original Screenplay,FALSE,Screenplay (Original)
2017,Jane,Brett Morgen,,Documentary Screenplay,TRUE,
2017,Betting on Zero,Ted Braun,,Documentary Screenplay,FALSE,
2017,No Stone Unturned,Alex Gibney,,Documentary Screenplay,FALSE,
2017,Oklahoma City,Barak Goodman,,Documentary Screenplay,FALSE,
2016,Arrival,Eric Heisserer,The novella Story of Your Life by Ted Chiang,Adapted Screenplay,TRUE,Screenplay (Adapted)
2016,Deadpool,Rhett Reese,The X-Men comic book character created by Fabian Nicieza and Rob Liefeld,Adapted Screenplay,FALSE,Screenplay (Adapted)
2016,Deadpool,Paul Wernick,The X-Men comic book character created by Fabian Nicieza and Rob Liefeld,Adapted Screenplay,FALSE,Screenplay (Adapted)
2016,Fences,August Wilson,The play by August Wilson,Adapted Screenplay,FALSE,Screenplay (Adapted)
2016,Hidden Figures,Allison Schroeder,The book by Margot Lee Shetterly,Adapted Screenplay,FALSE,Screenplay (Adapted)
2016,Hidden Figures,Theodore Melfi,The book by Margot Lee Shetterly,Adapted Screenplay,FALSE,Screenplay (Adapted)
2016,Nocturnal Animals,Tom Ford,The novel Tony and Susan by Austin Wright,Adapted Screenplay,FALSE,Screenplay (Adapted)
2016,Moonlight,Barry Jenkins,,Original Screenplay,TRUE,Screenplay (Original)
2016,Moonlight,Tarell Alvin McCraney,,Original Screenplay,TRUE,Screenplay (Original)
2016,Hell or High Water,Taylor Sheridan,,Original Screenplay,FALSE,Screenplay (Original)
2016,La La Land,Damien Chazelle,,Original Screenplay,FALSE,Screenplay (Original)
2016,Loving,Jeff Nichols,,Original Screenplay,FALSE,Screenplay (Original)
2016,Manchester by the Sea,Kenneth Lonergan,,Original Screenplay,FALSE,Screenplay (Original)
2016,Command and Control,Robert Kenner,"The book Command and Control: Nuclear Weapons, the Damascus Accident, and the Illusion of Safety by Eric Schlosser",Documentary Screenplay,TRUE,
2016,Command and Control,Brian Pearle,"The book Command and Control: Nuclear Weapons, the Damascus Accident, and the Illusion of Safety by Eric Schlosser",Documentary Screenplay,TRUE,
2016,Command and Control,Kim Roberts,"The book Command and Control: Nuclear Weapons, the Damascus Accident, and the Illusion of Safety by Eric Schlosser",Documentary Screenplay,TRUE,
2016,Command and Control,Eric Schlosser,"The book Command and Control: Nuclear Weapons, the Damascus Accident, and the Illusion of Safety by Eric Schlosser",Documentary Screenplay,TRUE,
2016,Author: The JT LeRoy Story,Jeff Feuerzeig,,Documentary Screenplay,FALSE,
2016,Zero Days,Alex Gibney,,Documentary Screenplay,FALSE,
2015,The Big Short,Adam McKay,The book by Michael Lewis,Adapted Screenplay,TRUE,Screenplay (Adapted)
2015,The Big Short,Charles Randolph,The book by Michael Lewis,Adapted Screenplay,TRUE,Screenplay (Adapted)
2015,Carol,Phyllis Nagy,The novel The Price of Salt by Patricia Highsmith,Adapted Screenplay,FALSE,Screenplay (Adapted)
2015,The Martian,Drew Goddard,The novel by Andy Weir,Adapted Screenplay,FALSE,Screenplay (Adapted)
2015,Steve Jobs,Aaron Sorkin,The biography by Walter Isaacson,Adapted Screenplay,FALSE,Screenplay (Adapted)
2015,Trumbo,John McNamara,The biography by Bruce Alexander Cook,Adapted Screenplay,FALSE,Screenplay (Adapted)
2015,Spotlight,Tom McCarthy,,Original Screenplay,TRUE,Screenplay (Original)
2015,Spotlight,Josh Singer,,Original Screenplay,TRUE,Screenplay (Original)
2015,Bridge of Spies,Matt Charman,,Original Screenplay,FALSE,Screenplay (Original)
2015,Bridge of Spies,Joel Coen,,Original Screenplay,FALSE,Screenplay (Original)
2015,Bridge of Spies,Ethan Coen,,Original Screenplay,FALSE,Screenplay (Original)
2015,Sicario,Taylor Sheridan,,Original Screenplay,FALSE,Screenplay (Original)
2015,Straight Outta Compton,Jonathan Herman,,Original Screenplay,FALSE,Screenplay (Original)
2015,Straight Outta Compton,Andrea Berloff,,Original Screenplay,FALSE,Screenplay (Original)
2015,Straight Outta Compton,S. Leigh Savidge,,Original Screenplay,FALSE,Screenplay (Original)
2015,Straight Outta Compton,Alan Wenkus,,Original Screenplay,FALSE,Screenplay (Original)
2015,Trainwreck,Amy Schumer,,Original Screenplay,FALSE,Screenplay (Original)
2015,Going Clear: Scientology and the Prison of Belief,Alex Gibney,,Documentary Screenplay,TRUE,
2015,Being Canadian,Robert Cohen,,Documentary Screenplay,FALSE,
2015,Kurt Cobain: Montage of Heck,Brett Morgen,,Documentary Screenplay,FALSE,
2015,Prophet's Prey,Amy J. Berg,,Documentary Screenplay,FALSE,
2014,The Imitation Game,Graham Moore,The biography Alan Turing: The Enigma by Andrew Hodges,Adapted Screenplay,TRUE,Screenplay (Adapted)
2014,American Sniper,Jason Hall,"The autobiography by Jim DeFelice, Chris Kyleand Scott McEwan",Adapted Screenplay,FALSE,Screenplay (Adapted)
2014,Gone Girl,Gillian Flynn,The novel by Gillian Flynn,Adapted Screenplay,FALSE,Screenplay (Adapted)
2014,Guardians of the Galaxy,James Gunn,The comic by Dan Abnett and Andy Lanning,Adapted Screenplay,FALSE,Screenplay (Adapted)
2014,Guardians of the Galaxy,Nicole Perlman,The comic by Dan Abnett and Andy Lanning,Adapted Screenplay,FALSE,Screenplay (Adapted)
2014,Wild,Nick Hornby,The memoir Wild: From Lost to Found on the Pacific Crest Trail by Cheryl Strayed,Adapted Screenplay,FALSE,Screenplay (Adapted)
2014,The Grand Budapest Hotel,Wes Anderson,,Original Screenplay,TRUE,Screenplay (Original)
2014,The Grand Budapest Hotel,Hugo Guinness,,Original Screenplay,TRUE,Screenplay (Original)
2014,Boyhood,Richard Linklater,,Original Screenplay,FALSE,Screenplay (Original)
2014,Foxcatcher,E. Max Frye,,Original Screenplay,FALSE,Screenplay (Original)
2014,Foxcatcher,Dan Futterman,,Original Screenplay,FALSE,Screenplay (Original)
2014,Nightcrawler,Dan Gilroy,,Original Screenplay,FALSE,Screenplay (Original)
2014,Whiplash,Damien Chazelle,,Original Screenplay,FALSE,Screenplay (Original)
2014,The Internet's Own Boy: The Story of Aaron Swartz,Brian Knappenberger,,Documentary Screenplay,TRUE,
2014,Finding Vivian Maier,John Maloof,,Documentary Screenplay,FALSE,
2014,Finding Vivian Maier,Charlie Siskel,,Documentary Screenplay,FALSE,
2014,Last Days in Vietnam,Mark Bailey,,Documentary Screenplay,FALSE,
2014,Last Days in Vietnam,Kevin McAlester,,Documentary Screenplay,FALSE,
2014,Red Army,Gabe Polsky,,Documentary Screenplay,FALSE,
2013,Captain Phillips,Billy Ray,The book A Captain's Duty by Richard Phillipsand Stephan Talty,Adapted Screenplay,TRUE,Screenplay (Adapted)
2013,August: Osage County,Tracy Letts,The play by Tracy Letts,Adapted Screenplay,FALSE,Screenplay (Adapted)
2013,Before Midnight,Richard Linklater,The characters created by Richard Linklater and Kim Krizan,Adapted Screenplay,FALSE,Screenplay (Adapted)
2013,Before Midnight,Ethan Hawke,The characters created by Richard Linklater and Kim Krizan,Adapted Screenplay,FALSE,Screenplay (Adapted)
2013,Before Midnight,Julie Delpy,The characters created by Richard Linklater and Kim Krizan,Adapted Screenplay,FALSE,Screenplay (Adapted)
2013,Lone Survivor,Peter Berg,The book by Marcus Lutrell and Patrick Robinson,Adapted Screenplay,FALSE,Screenplay (Adapted)
2013,The Wolf of Wall Street,Terence Winter,The memoir by Jordan Belfort,Adapted Screenplay,FALSE,Screenplay (Adapted)
2013,Her,Spike Jonze,,Original Screenplay,TRUE,Screenplay (Original)
2013,American Hustle,Eric Warren Singer,,Original Screenplay,FALSE,Screenplay (Original)
2013,American Hustle,David O. Russell,,Original Screenplay,FALSE,Screenplay (Original)
2013,Blue Jasmine,Woody Allen,,Original Screenplay,FALSE,Screenplay (Original)
2013,Dallas Buyers Club,Craig Borten,,Original Screenplay,FALSE,Screenplay (Original)
2013,Dallas Buyers Club,Melisa Wallack,,Original Screenplay,FALSE,Screenplay (Original)
2013,Nebraska,Bob Nelson,,Original Screenplay,FALSE,Screenplay (Original)
2013,Stories We Tell,Sarah Polley,,Documentary Screenplay,TRUE,
2013,Dirty Wars,Jeremy Scahill,,Documentary Screenplay,FALSE,
2013,Dirty Wars,David Riker,,Documentary Screenplay,FALSE,
2013,Herblock: The Black & The White,Sara Lukinson,,Documentary Screenplay,FALSE,
2013,Herblock: The Black & The White,Michael Stevens,,Documentary Screenplay,FALSE,
2013,No Place on Earth,Janet Tobias,,Documentary Screenplay,FALSE,
2013,No Place on Earth,Paul Laikin,,Documentary Screenplay,FALSE,
2013,We Steal Secrets: The Story of WikiLeaks,Alex Gibney,,Documentary Screenplay,FALSE,
2012,Argo,Chris Terrio,"The book The Master of Disguise by Tony Mendez and the article ""The Great Escape: How the CIA Used a Fake Sci-Fi Flick to Rescue Americans from Tehran"" by Joshuah Bearman",Adapted Screenplay,TRUE,Screenplay (Adapted)
2012,Life of Pi,David Magee,The novel by Yann Martel,Adapted Screenplay,FALSE,Screenplay (Adapted)
2012,Lincoln,Tony Kushner,The book Team of Rivals by Doris Kearns Goodwin,Adapted Screenplay,FALSE,Screenplay (Adapted)
2012,The Perks of Being a Wallflower,Stephen Chbosky,The novel by Stephen Chbosky,Adapted Screenplay,FALSE,Screenplay (Adapted)
2012,Silver Linings Playbook,David O. Russell,The novel by Matthew Quick,Adapted Screenplay,FALSE,Screenplay (Adapted)
2012,Zero Dark Thirty,Mark Boal,,Original Screenplay,TRUE,Screenplay (Original)
2012,Flight,John Gatins,,Original Screenplay,FALSE,Screenplay (Original)
2012,Looper,Rian Johnson,,Original Screenplay,FALSE,Screenplay (Original)
2012,The Master,Paul Thomas Anderson,,Original Screenplay,FALSE,Screenplay (Original)
2012,Moonrise Kingdom,Wes Anderson,,Original Screenplay,FALSE,Screenplay (Original)
2012,Moonrise Kingdom,Roman Coppola,,Original Screenplay,FALSE,Screenplay (Original)
2012,Searching for Sugar Man,Malik Bendjelloul,,Documentary Screenplay,TRUE,
2012,Mea Maxima Culpa: Silence in the House of God,Alex Gibney,,Documentary Screenplay,FALSE,
2012,The Central Park Five,Sarah Burns,,Documentary Screenplay,FALSE,
2012,The Central Park Five,David McMahon,,Documentary Screenplay,FALSE,
2012,The Central Park Five,Ken Burns,,Documentary Screenplay,FALSE,
2012,The Invisible War,Kirby Dick,,Documentary Screenplay,FALSE,
2012,We Are Legion: The Story of the Hacktivists,Brian Knappenberger,,Documentary Screenplay,FALSE,
2012,West of Memphis,Amy J. Berg,,Documentary Screenplay,FALSE,
2012,West of Memphis,Billy McMillin,,Documentary Screenplay,FALSE,
2011,The Descendants,Alexander Payne,The novel by Kaui Hart Hemmings,Adapted Screenplay,TRUE,Screenplay (Adapted)
2011,The Descendants,Nat Faxon,The novel by Kaui Hart Hemmings,Adapted Screenplay,TRUE,Screenplay (Adapted)
2011,The Descendants,Jim Rash,The novel by Kaui Hart Hemmings,Adapted Screenplay,TRUE,Screenplay (Adapted)
2011,The Girl with the Dragon Tattoo,Steven Zaillian,The novel by Stieg Larsson,Adapted Screenplay,FALSE,Screenplay (Adapted)
2011,The Help,Tate Taylor,The novel by Kathryn Stockett,Adapted Screenplay,FALSE,Screenplay (Adapted)
2011,Hugo,John Logan,The book The Invention of Hugo Cabret by Brian Selznick,Adapted Screenplay,FALSE,Screenplay (Adapted)
2011,Moneyball,Aaron Sorkin,The book by Michael Lewis,Adapted Screenplay,FALSE,Screenplay (Adapted)
2011,Moneyball,Steven Zaillian,The book by Michael Lewis,Adapted Screenplay,FALSE,Screenplay (Adapted)
2011,Midnight in Paris,Woody Allen,,Original Screenplay,TRUE,Screenplay (Original)
2011,50/50,Will Reiser,,Original Screenplay,FALSE,Screenplay (Original)
2011,Bridesmaids,Annie Mumolo,,Original Screenplay,FALSE,Screenplay (Original)
2011,Bridesmaids,Kristen Wiig,,Original Screenplay,FALSE,Screenplay (Original)
2011,Win Win,Tom McCarthy,,Original Screenplay,FALSE,Screenplay (Original)
2011,Young Adult,Diablo Cody,,Original Screenplay,FALSE,Screenplay (Original)
2011,Better This World,Katie Galloway,,Documentary Screenplay,TRUE,
2011,Better This World,Kelly Duane de la Vega,,Documentary Screenplay,TRUE,
2011,If a Tree Falls: A Story of the Earth Liberation Front,Marshall Curry,,Documentary Screenplay,FALSE,
2011,If a Tree Falls: A Story of the Earth Liberation Front,Matthew Hamachek,,Documentary Screenplay,FALSE,
2011,Nostalgia for the Light,Patricio Guzmán,,Documentary Screenplay,FALSE,
2011,Pina,Wim Wenders,,Documentary Screenplay,FALSE,
2011,Position Among the Stars,Hetty Naaijkens-Retel Helmrich,,Documentary Screenplay,FALSE,
2011,Position Among the Stars,Leonard Retel Helmrich,,Documentary Screenplay,FALSE,
2011,Senna,Manish Pandey,,Documentary Screenplay,FALSE,
2010,The Social Network,Aaron Sorkin,The book The Accidental Billionaires by Ben Mezrich,Adapted Screenplay,TRUE,Screenplay (Adapted)
2010,127 Hours,Danny Boyle,The book Between a Rock and a Hard Place by Aron Ralston,Adapted Screenplay,FALSE,Screenplay (Adapted)
2010,127 Hours,Simon Beaufoy,The book Between a Rock and a Hard Place by Aron Ralston,Adapted Screenplay,FALSE,Screenplay (Adapted)
2010,I Love You Phillip Morris,Glenn Ficarra,"The book I Love You Phillip Morris: A True Story of Life, Love, and Prison Breaks by Steven McVicker",Adapted Screenplay,FALSE,Screenplay (Adapted)
2010,I Love You Phillip Morris,John Requa,"The book I Love You Phillip Morris: A True Story of Life, Love, and Prison Breaks by Steven McVicker",Adapted Screenplay,FALSE,Screenplay (Adapted)
2010,The Town,Ben Affleck,The novel Prince of Thieves by Chuck Hogan,Adapted Screenplay,FALSE,Screenplay (Adapted)
2010,The Town,Peter Craig,The novel Prince of Thieves by Chuck Hogan,Adapted Screenplay,FALSE,Screenplay (Adapted)
2010,The Town,Aaron Stockard,The novel Prince of Thieves by Chuck Hogan,Adapted Screenplay,FALSE,Screenplay (Adapted)
2010,True Grit,Joel Coen,The novel by Charles Portis,Adapted Screenplay,FALSE,Screenplay (Adapted)
2010,True Grit,Ethan Coen,The novel by Charles Portis,Adapted Screenplay,FALSE,Screenplay (Adapted)
2010,Inception,Christopher Nolan,,Original Screenplay,TRUE,Screenplay (Original)
2010,Black Swan,Mark Heyman,,Original Screenplay,FALSE,Screenplay (Original)
2010,Black Swan,Andres Heinz,,Original Screenplay,FALSE,Screenplay (Original)
2010,Black Swan,John McLaughlin,,Original Screenplay,FALSE,Screenplay (Original)
2010,The Fighter,Scott Silver,,Original Screenplay,FALSE,Screenplay (Original)
2010,The Fighter,Paul Tamasy,,Original Screenplay,FALSE,Screenplay (Original)
2010,The Fighter,Eric Johnson,,Original Screenplay,FALSE,Screenplay (Original)
2010,The Fighter,Keith Dorrington,,Original Screenplay,FALSE,Screenplay (Original)
2010,The Kids Are All Right,Lisa Cholodenko,,Original Screenplay,FALSE,Screenplay (Original)
2010,The Kids Are All Right,Stuart Blumberg,,Original Screenplay,FALSE,Screenplay (Original)
2010,Please Give,Nicole Holofcener,,Original Screenplay,FALSE,Screenplay (Original)
2010,Inside Job,Charles Ferguson,,Documentary Screenplay,TRUE,
2010,Inside Job,Chad Beck,,Documentary Screenplay,TRUE,
2010,Inside Job,Adam Bolt,,Documentary Screenplay,TRUE,
2010,Enemies of the People,Rob Lemkin,,Documentary Screenplay,FALSE,
2010,Enemies of the People,Thet Sambath,,Documentary Screenplay,FALSE,
2010,Freedom Riders,"Stanley Nelson, Jr.",The book Freedom Riders: 1961 and the Struggle for Racial Justice by Raymond Arsenault,Documentary Screenplay,FALSE,
2010,Gasland,Josh Fox,,Documentary Screenplay,FALSE,
2010,The Two Escobars,Michael Zimbalist,,Documentary Screenplay,FALSE,
2010,The Two Escobars,Jeff Zimbalist,,Documentary Screenplay,FALSE,
2010,Who Is Harry Nilsson (And Why Is Everybody Talkin' About Him)?,John Scheinfeld,,Documentary Screenplay,FALSE,
2009,Up in the Air,Jason Reitman,The novel by Walter Kirn,Adapted Screenplay,TRUE,Screenplay (Adapted)
2009,Up in the Air,Sheldon Turner,The novel by Walter Kirn,Adapted Screenplay,TRUE,Screenplay (Adapted)
2009,Crazy Heart,Scott Cooper,The novel by Thomas Cobb,Adapted Screenplay,FALSE,Screenplay (Adapted)
2009,Julie & Julia,Nora Ephron,"The books My Life in France by Julia Child and Alex Prud'homme and Julie & Julia: 365 Days, 524 Recipes, 1 Tiny Apartment Kitchen by Julie Powell",Adapted Screenplay,FALSE,Screenplay (Adapted)
2009,Precious,Geoffrey S. Fletcher,The novel Push by Sapphire,Adapted Screenplay,FALSE,Screenplay (Adapted)
2009,Star Trek,Roberto Orci,The characters created by Gene Roddenberry,Adapted Screenplay,FALSE,Screenplay (Adapted)
2009,Star Trek,Alex Kurtzman,The characters created by Gene Roddenberry,Adapted Screenplay,FALSE,Screenplay (Adapted)
2009,The Hurt Locker,Mark Boal,,Original Screenplay,TRUE,Screenplay (Original)
2009,(500) Days of Summer,Scott Neustadter,,Original Screenplay,FALSE,Screenplay (Original)
2009,(500) Days of Summer,Michael H. Weber,,Original Screenplay,FALSE,Screenplay (Original)
2009,Avatar,James Cameron,,Original Screenplay,FALSE,Screenplay (Original)
2009,The Hangover,Jon Lucas,,Original Screenplay,FALSE,Screenplay (Original)
2009,The Hangover,Scott Moore,,Original Screenplay,FALSE,Screenplay (Original)
2009,A Serious Man,Joel Coen,,Original Screenplay,FALSE,Screenplay (Original)
2009,A Serious Man,Ethan Coen,,Original Screenplay,FALSE,Screenplay (Original)
2009,The Cove,Mark Monroe,,Documentary Screenplay,TRUE,
2009,Against the Tide,Richard Trank,Original material written by Richard Trank and Rabbi Marvin Hier,Documentary Screenplay,FALSE,
2009,Capitalism: A Love Story,Michael Moore,,Documentary Screenplay,FALSE,
2009,Earth Days,Robert Stone,,Documentary Screenplay,FALSE,
2009,Good Hair,Chris Rock,,Documentary Screenplay,FALSE,
2009,Good Hair,Jeff Stilson,,Documentary Screenplay,FALSE,
2009,Good Hair,Lance Crouther,,Documentary Screenplay,FALSE,
2009,Good Hair,Chuck Sklar,,Documentary Screenplay,FALSE,
2009,Soundtrack for a Revolution,Bill Guttentag,,Documentary Screenplay,FALSE,
2009,Soundtrack for a Revolution,Dan Sturman,,Documentary Screenplay,FALSE,
2008,Slumdog Millionaire,Simon Beaufoy,The novel Q & A by Vikas Swarup,Adapted Screenplay,TRUE,Screenplay (Adapted)
2008,The Curious Case of Benjamin Button,Eric Roth,The short story by F. Scott Fitzgerald,Adapted Screenplay,FALSE,Screenplay (Adapted)
2008,The Curious Case of Benjamin Button,Robin Swicord,The short story by F. Scott Fitzgerald,Adapted Screenplay,FALSE,Screenplay (Adapted)
2008,The Dark Knight,Jonathan Nolan,The characters from the DC Comics created by Bob Kane and Bill Finger,Adapted Screenplay,FALSE,Screenplay (Adapted)
2008,The Dark Knight,Christopher Nolan,The characters from the DC Comics created by Bob Kane and Bill Finger,Adapted Screenplay,FALSE,Screenplay (Adapted)
2008,The Dark Knight,David S. Goyer,The characters from the DC Comics created by Bob Kane and Bill Finger,Adapted Screenplay,FALSE,Screenplay (Adapted)
2008,Doubt,John Patrick Shanley,The play Doubt: A Parable by John Patrick Shanley,Adapted Screenplay,FALSE,Screenplay (Adapted)
2008,Frost/Nixon,Peter Morgan,The play by Peter Morgan,Adapted Screenplay,FALSE,Screenplay (Adapted)
2008,Milk,Dustin Lance Black,,Original Screenplay,TRUE,Screenplay (Original)
2008,Burn After Reading,Joel Coen,,Original Screenplay,FALSE,Screenplay (Original)
2008,Burn After Reading,Ethan Coen,,Original Screenplay,FALSE,Screenplay (Original)
2008,Vicky Cristina Barcelona,Woody Allen,,Original Screenplay,FALSE,Screenplay (Original)
2008,The Visitor,Tom McCarthy,,Original Screenplay,FALSE,Screenplay (Original)
2008,The Wrestler,Robert Siegel,,Original Screenplay,FALSE,Screenplay (Original)
2008,Waltz with Bashir,Ari Folman,,Documentary Screenplay,TRUE,
2008,Boogie Man: The Lee Atwater Story,Stefan Forbes,,Documentary Screenplay,FALSE,
2008,Boogie Man: The Lee Atwater Story,Noland Walker,,Documentary Screenplay,FALSE,
2008,Chicago 10,Brett Morgen,,Documentary Screenplay,FALSE,
2008,Fuel,Johnny O'Hara,,Documentary Screenplay,FALSE,
2008,Gonzo: The Life and Work of Dr. Hunter S. Thompson,Alex Gibney,The words of Hunter S. Thompson,Documentary Screenplay,FALSE,
2007,No Country for Old Men,Joel Coen,The novel by Cormac McCarthy,Adapted Screenplay,TRUE,Screenplay (Adapted)
2007,No Country for Old Men,Ethan Coen,The novel by Cormac McCarthy,Adapted Screenplay,TRUE,Screenplay (Adapted)
2007,The Diving Bell and the Butterfly,Ronald Harwood,The memoir by Jean-Dominique Bauby,Adapted Screenplay,FALSE,Screenplay (Adapted)
2007,Into the Wild,Sean Penn,The book by Jon Krakauer,Adapted Screenplay,FALSE,Screenplay (Adapted)
2007,There Will Be Blood,Paul Thomas Anderson,The novel Oil! by Upton Sinclair,Adapted Screenplay,FALSE,Screenplay (Adapted)
2007,Zodiac,James Vanderbilt,The book by Robert Graysmith,Adapted Screenplay,FALSE,Screenplay (Adapted)
2007,Juno,Diablo Cody,,Original Screenplay,TRUE,Screenplay (Original)
2007,Knocked Up,Judd Apatow,,Original Screenplay,FALSE,Screenplay (Original)
2007,Lars and the Real Girl,Nancy Oliver,,Original Screenplay,FALSE,Screenplay (Original)
2007,Michael Clayton,Tony Gilroy,,Original Screenplay,FALSE,Screenplay (Original)
2007,The Savages,Tamara Jenkins,,Original Screenplay,FALSE,Screenplay (Original)
2007,Taxi to the Dark Side,Alex Gibney,,Documentary Screenplay,TRUE,
2007,Nanking,Bill Guttentag,,Documentary Screenplay,FALSE,
2007,Nanking,Dan Sturman,,Documentary Screenplay,FALSE,
2007,Nanking,Elisabeth Bentley,,Documentary Screenplay,FALSE,
2007,Nanking,Bill Guttentag,,Documentary Screenplay,FALSE,
2007,Nanking,Dan Sturman,,Documentary Screenplay,FALSE,
2007,No End in Sight,Charles Ferguson,,Documentary Screenplay,FALSE,
2007,The Camden 28,Anthony Giacchino,,Documentary Screenplay,FALSE,
2007,The Rape of Europa,Richard Berge,,Documentary Screenplay,FALSE,
2007,The Rape of Europa,Nicole Newnham,,Documentary Screenplay,FALSE,
2007,The Rape of Europa,Bonni Cohen,,Documentary Screenplay,FALSE,
2007,Sicko,Michael Moore,,Documentary Screenplay,FALSE,
2006,The Departed,William Monahan,The film Infernal Affairs written by Alan Makand Felix Chong,Adapted Screenplay,TRUE,Screenplay (Adapted)
2006,Borat: Cultural Learnings of America for Make Benefit Glorious Nation of Kazakhstan,Sacha Baron Cohen,"The character Borat Sagdiyev, from the television series Da Ali G Show by Sacha Baron Cohen",Adapted Screenplay,FALSE,Screenplay (Adapted)
2006,Borat: Cultural Learnings of America for Make Benefit Glorious Nation of Kazakhstan,Peter Baynham,"The character Borat Sagdiyev, from the television series Da Ali G Show by Sacha Baron Cohen",Adapted Screenplay,FALSE,Screenplay (Adapted)
2006,Borat: Cultural Learnings of America for Make Benefit Glorious Nation of Kazakhstan,Anthony Hines,"The character Borat Sagdiyev, from the television series Da Ali G Show by Sacha Baron Cohen",Adapted Screenplay,FALSE,Screenplay (Adapted)
2006,Borat: Cultural Learnings of America for Make Benefit Glorious Nation of Kazakhstan,Todd Phillips,"The character Borat Sagdiyev, from the television series Da Ali G Show by Sacha Baron Cohen",Adapted Screenplay,FALSE,Screenplay (Adapted)
2006,Borat: Cultural Learnings of America for Make Benefit Glorious Nation of Kazakhstan,Dan Mazer,"The character Borat Sagdiyev, from the television series Da Ali G Show by Sacha Baron Cohen",Adapted Screenplay,FALSE,Screenplay (Adapted)
2006,The Devil Wears Prada,Aline Brosh McKenna,The novel by Lauren Weisberger,Adapted Screenplay,FALSE,Screenplay (Adapted)
2006,Little Children,Todd Field,The novel by Tom Perrotta,Adapted Screenplay,FALSE,Screenplay (Adapted)
2006,Little Children,Tom Perrotta,The novel by Tom Perrotta,Adapted Screenplay,FALSE,Screenplay (Adapted)
2006,Thank You for Smoking,Jason Reitman,The novel by Christopher Buckley,Adapted Screenplay,FALSE,Screenplay (Adapted)
2006,Little Miss Sunshine,Michael Arndt,,Original Screenplay,TRUE,Screenplay (Original)
2006,Babel,Guillermo Arriaga,,Original Screenplay,FALSE,Screenplay (Original)
2006,The Queen,Peter Morgan,,Original Screenplay,FALSE,Screenplay (Original)
2006,Stranger than Fiction,Zach Helm,,Original Screenplay,FALSE,Screenplay (Original)
2006,United 93,Paul Greengrass,,Original Screenplay,FALSE,Screenplay (Original)
2006,Deliver Us from Evil,Amy J. Berg,,Documentary Screenplay,TRUE,
2006,Once in a Lifetime: The Extraordinary Story of the New York Cosmos,Mark Monroe,,Documentary Screenplay,FALSE,
2006,Once in a Lifetime: The Extraordinary Story of the New York Cosmos,Mark Monroe,,Documentary Screenplay,FALSE,
2006,Once in a Lifetime: The Extraordinary Story of the New York Cosmos,John Dower,,Documentary Screenplay,FALSE,
2006,The Heart of the Game,Ward Serrill,,Documentary Screenplay,FALSE,
2006,Who Killed the Electric Car?,Chris Paine,,Documentary Screenplay,FALSE,
2006,Why We Fight,Eugene Jarecki,,Documentary Screenplay,FALSE,
2005,Brokeback Mountain,Larry McMurtry,The short story by Annie Proulx,Adapted Screenplay,TRUE,Screenplay (Adapted)
2005,Brokeback Mountain,Diana Ossana,The short story by Annie Proulx,Adapted Screenplay,TRUE,Screenplay (Adapted)
2005,Capote,Dan Futterman,The book by Gerald Clarke,Adapted Screenplay,FALSE,Screenplay (Adapted)
2005,The Constant Gardener,Jeffrey Caine,The novel by John le Carré,Adapted Screenplay,FALSE,Screenplay (Adapted)
2005,A History of Violence,Josh Olson,The graphic novel by John Wagner and Vince Locke,Adapted Screenplay,FALSE,Screenplay (Adapted)
2005,Syriana,Stephen Gaghan,The memoir See No Evil by Robert Baer,Adapted Screenplay,FALSE,Screenplay (Adapted)
2005,Crash,Paul Haggis,,Original Screenplay,TRUE,Screenplay (Original)
2005,Crash,Bobby Moresco,,Original Screenplay,TRUE,Screenplay (Original)
2005,The 40-Year-Old Virgin,Judd Apatow,,Original Screenplay,FALSE,Screenplay (Original)
2005,The 40-Year-Old Virgin,Steve Carell,,Original Screenplay,FALSE,Screenplay (Original)
2005,Cinderella Man,Akiva Goldsman,,Original Screenplay,FALSE,Screenplay (Original)
2005,Cinderella Man,Cliff Hollingsworth,,Original Screenplay,FALSE,Screenplay (Original)
2005,"Good Night, and Good Luck.",George Clooney,,Original Screenplay,FALSE,Screenplay (Original)
2005,"Good Night, and Good Luck.",Grant Heslov,,Original Screenplay,FALSE,Screenplay (Original)
2005,The Squid and the Whale,Noah Baumbach,,Original Screenplay,FALSE,Screenplay (Original)
2005,Enron: The Smartest Guys in the Room,Alex Gibney,The book The Smartest Guys in the Room: The Amazing Rise and Scandalous Fall of Enron by Bethany McLean and Peter Elkind,Documentary Screenplay,TRUE,
2005,Cowboy del Amor,Michèle Ohayon,,Documentary Screenplay,FALSE,
2005,March of the Penguins,Luc Jacquet,The story by Luc Jacquet,Documentary Screenplay,FALSE,
2005,March of the Penguins,Michel Fessler (narration written by Jordan Roberts),The story by Luc Jacquet,Documentary Screenplay,FALSE,
2005,Street Fight,Marshall Curry,,Documentary Screenplay,FALSE,
2005,The Fall of Fujimori,Ellen Perry,,Documentary Screenplay,FALSE,
2005,The Fall of Fujimori,Zack Anderson,,Documentary Screenplay,FALSE,
2005,The Fall of Fujimori,Kim Roberts,,Documentary Screenplay,FALSE,