Year,Category,Film,Nominee,Song_Title,Won,Concordance
2024,Best Studio Film Score,Emilia Pérez,Clément Ducol,,FALSE,Original Score
2024,Best Studio Film Score,Emilia Pérez,Camille,,FALSE,Original Score
2024,Best Studio Film Score,Dune: Part Two,Hans Zimmer,,FALSE,Original Score
2024,Best Studio Film Score,Gladiator II,Harry Gregson-Williams,,FALSE,Original Score
2024,Best Studio Film Score,Wicked,John Powell,,FALSE,Original Score
2024,Best Studio Film Score,Wicked,Stephen Schwartz,,FALSE,Original Score
2024,Best Studio Film Score,The Wild Robot,Kris Bowers,,TRUE,Original Score
2024,Best Studio Film Score,Conclave,Volker Bertelmann,,FALSE,Original Score
2024,Best Independent Film Score,Heretic,Chris Bacon,,FALSE,Original Score
2024,Best Independent Film Score,The Brutalist,Daniel Blumberg,,TRUE,Original Score
2024,Best Independent Film Score,Meet Me Next Christmas,Dara Taylor,,FALSE,Original Score
2024,Best Independent Film Score,Here After,Fabrizio Mancinelli,,FALSE,Original Score
2024,Best Independent Film Score,Winner,Heather McIntosh,,FALSE,Original Score
2024,Best Independent Film Score,The Book of Jobs,Stephanie Economou,,FALSE,Original Score
2024,Outstanding Original Song for a Comedy or Musical Visual Media Production,Moana 2,Abigail Barlow,Beyond,FALSE,Original Song
2024,Outstanding Original Song for a Comedy or Musical Visual Media Production,Moana 2,Emily Bear,Beyond,FALSE,Original Song
2024,Outstanding Original Song for a Comedy or Musical Visual Media Production,Emilia Pérez,Clément Ducol,Mi Camino,FALSE,Original Song
2024,Outstanding Original Song for a Comedy or Musical Visual Media Production,Emilia Pérez,Camille,Mi Camino,FALSE,Original Song
2024,Outstanding Original Song for a Comedy or Musical Visual Media Production,Emilia Pérez,Clément Ducol,El Mal,FALSE,Original Song
2024,Outstanding Original Song for a Comedy or Musical Visual Media Production,Emilia Pérez,Camille,El Mal,FALSE,Original Song
2024,Outstanding Original Song for a Comedy or Musical Visual Media Production,Emilia Pérez,Jacques Audiard,El Mal,FALSE,Original Song
2024,Outstanding Original Song for a Comedy or Musical Visual Media Production,Twisters,Lainey Wilson,Out of Oklahoma,FALSE,Original Song
2024,Outstanding Original Song for a Comedy or Musical Visual Media Production,Twisters,Luke Dick,Out of Oklahoma,FALSE,Original Song
2024,Outstanding Original Song for a Comedy or Musical Visual Media Production,Twisters,Shane McAnally,Out of Oklahoma,FALSE,Original Song
2024,Outstanding Original Song for a Comedy or Musical Visual Media Production,Better Man,Robbie Williams,Forbidden Road,FALSE,Original Song
2024,Outstanding Original Song for a Comedy or Musical Visual Media Production,Better Man,Freddy Wexler,Forbidden Road,FALSE,Original Song
2024,Outstanding Original Song for a Comedy or Musical Visual Media Production,Better Man,Sacha Skarbek,Forbidden Road,FALSE,Original Song
2024,Outstanding Original Song for a Comedy or Musical Visual Media Production,Challengers,Trent Reznor,Compress/Repress,TRUE,Original Song
2024,Outstanding Original Song for a Comedy or Musical Visual Media Production,Challengers,Atticus Ross,Compress/Repress,TRUE,Original Song
2024,Outstanding Original Song for a Comedy or Musical Visual Media Production,Challengers,Luca Guadagnino,Compress/Repress,TRUE,Original Song
2024,Outstanding Original Song for a Dramatic or Documentary Visual Media Production,The Last Showgirl,Andrew Wyatt,Beautiful That Way,FALSE,Original Song
2024,Outstanding Original Song for a Dramatic or Documentary Visual Media Production,The Last Showgirl,Lykke Li,Beautiful That Way,FALSE,Original Song
2024,Outstanding Original Song for a Dramatic or Documentary Visual Media Production,The Last Showgirl,Miley Cyrus,Beautiful That Way,FALSE,Original Song
2024,Outstanding Original Song for a Dramatic or Documentary Visual Media Production,The Lord of the Rings: The Rings of Power,Bear McCreary,Old Tom Bombadil,FALSE,Original Song
2024,Outstanding Original Song for a Dramatic or Documentary Visual Media Production,The Boys,Christopher Lennertz,Let's Put the Christ Back in Christmas,FALSE,Original Song
2024,Outstanding Original Song for a Dramatic or Documentary Visual Media Production,The Six Triple Eight,Dianne Warren,The Journey,TRUE,Original Song
2024,Outstanding Original Song for a Dramatic or Documentary Visual Media Production,Elton John: Never Too Late,Elton John,Never Too Late,FALSE,Original Song
2024,Outstanding Original Song for a Dramatic or Documentary Visual Media Production,Elton John: Never Too Late,Brandi Carlile,Never Too Late,FALSE,Original Song
2024,Outstanding Original Song for a Dramatic or Documentary Visual Media Production,Elton John: Never Too Late,Bernie Taupin,Never Too Late,FALSE,Original Song
2024,Outstanding Original Song for a Dramatic or Documentary Visual Media Production,Elton John: Never Too Late,Andrew Watt,Never Too Late,FALSE,Original Song
2024,Outstanding Original Song for a Dramatic or Documentary Visual Media Production,Blitz,Nicholas Britell,Winter Coat,FALSE,Original Song
2024,Outstanding Original Song for a Dramatic or Documentary Visual Media Production,Blitz,Steve McQueen,Winter Coat,FALSE,Original Song
2024,Outstanding Original Song for a Dramatic or Documentary Visual Media Production,Blitz,Taura Stinson,Winter Coat,FALSE,Original Song
2023,Best Studio Film Score,The Boy and the Heron,Joe Hisaishi,,FALSE,Original Score
2023,Best Studio Film Score,Oppenheimer,Ludwig Göransson,,TRUE,Original Score
2023,Best Studio Film Score,American Fiction,Laura Karpman,,FALSE,Original Score
2023,Best Studio Film Score,Killers of the Flower Moon,Robbie Robertson,,FALSE,Original Score
2023,Best Studio Film Score,Saltburn,Anthony Willis,,FALSE,Original Score
2023,Best Independent Film Score,American Symphony,Jon Batiste,,FALSE,Original Score
2023,Best Independent Film Score,The Zone of Interest,Mica Levi,,FALSE,Original Score
2023,Best Independent Film Score,Mushka,Fabrizio Mancinelli,,FALSE,Original Score
2023,Best Independent Film Score,Mushka,Richard M. Sherman,,FALSE,Original Score
2023,Best Independent Film Score,Ferrari,Daniel Pemberton,,FALSE,Original Score
2023,Best Independent Film Score,Still: A Michael J. Fox Movie,John Powell,,TRUE,Original Score
2023,Best Song for a Musical / Comedy,The Super Mario Bros. Movie,Jack Black,Peaches,FALSE,Original Song
2023,Best Song for a Musical / Comedy,The Super Mario Bros. Movie,John Spiker,Peaches,FALSE,Original Song
2023,Best Song for a Musical / Comedy,The Super Mario Bros. Movie,Eric Osmond,Peaches,FALSE,Original Song
2023,Best Song for a Musical / Comedy,The Super Mario Bros. Movie,Michael Jelenic,Peaches,FALSE,Original Song
2023,Best Song for a Musical / Comedy,The Super Mario Bros. Movie,Aaron Horvath,Peaches,FALSE,Original Song
2023,Best Song for a Musical / Comedy,The L Word: Generation Q,Heather McIntosh,All about Me,FALSE,Original Song
2023,Best Song for a Musical / Comedy,The L Word: Generation Q,Allyson Newman,All about Me,FALSE,Original Song
2023,Best Song for a Musical / Comedy,The L Word: Generation Q,Taura Stinson,All about Me,FALSE,Original Song
2023,Best Song for a Musical / Comedy,Barbie,Billie Eilish o'Connell,What Was I Made For?,TRUE,Original Song
2023,Best Song for a Musical / Comedy,Barbie,Finneas o'Connell,What Was I Made For?,TRUE,Original Song
2023,Best Song for a Musical / Comedy,Barbie,Mark Ronson,I'm Just Ken,FALSE,Original Song
2023,Best Song for a Musical / Comedy,Barbie,Andrew Wyatt,I'm Just Ken,FALSE,Original Song
2023,Best Song for a Musical / Comedy,Flamin' Hot,Dianne Warren,The Fire Inside,FALSE,Original Song
2023,Best Song for a Drama / Documentary,American Symphony,Jon Batiste,It Never Went Away,FALSE,Original Song
2023,Best Song for a Drama / Documentary,American Symphony,Dan Wilson,It Never Went Away,FALSE,Original Song
2023,Best Song for a Drama / Documentary,Carmen,Nicholas Britell,Slip Away,FALSE,Original Song
2023,Best Song for a Drama / Documentary,Carmen,Taura Stinson,Slip Away,FALSE,Original Song
2023,Best Song for a Drama / Documentary,Jacob the Baker,Sharon Farber,Better Times,FALSE,Original Song
2023,Best Song for a Drama / Documentary,Jacob the Baker,Noah Benshea,Better Times,FALSE,Original Song
2023,Best Song for a Drama / Documentary,Rustin,Lenny Kravtiz,Road to Freedom,FALSE,Original Song
2023,Best Song for a Drama / Documentary,The Hunger Games: The Ballad of Songbirds & Snakes,Olivia Rodrigo,Can't Catch Me Now,TRUE,Original Song
2022,Best Studio Film Score,Nope,Michael Abels,,TRUE,Original Score
2022,Best Studio Film Score,Guillermo del Toro's 'Pinocchio',Alexandre Desplat,,FALSE,Original Score
2022,Best Studio Film Score,The Banshees of Inisherin,Carter Burwell,,FALSE,Original Score
2022,Best Studio Film Score,The Batman,Michael Giacchino,,FALSE,Original Score
2022,Best Studio Film Score,Don't Worry Darling,John Powell,,FALSE,Original Score
2022,Best Independent Film Score,Everything Everywhere All at Once,Ryan Lott,,TRUE,Original Score
2022,Best Independent Film Score,Weird: The Al Yankovic Story,Leo Birenberg,,FALSE,Original Score
2022,Best Independent Film Score,Weird: The Al Yankovic Story,Zach Robinson,,FALSE,Original Score
2022,Best Independent Film Score,Brainwashed: Sex-Camera-Power,Sharon Faber,,FALSE,Original Score
2022,Best Independent Film Score,The Whale,Rob Simonsen,,FALSE,Original Score
2022,Best Independent Film Score,The Reef: Stalked,Mark Smythe,,FALSE,Original Score
2022,Best Song for a Musical / Comedy,Guillermo del Toro's 'Pinocchio',Alexandre Desplat,"Ciao, Papa",TRUE,Original Song
2022,Best Song for a Musical / Comedy,Guillermo del Toro's 'Pinocchio',Roeban Katz,"Ciao, Papa",TRUE,Original Song
2022,Best Song for a Musical / Comedy,Guillermo del Toro's 'Pinocchio',Guillermo del Toro,"Ciao, Papa",TRUE,Original Song
2022,Best Song for a Musical / Comedy,Spirited,Khiyon Hursey,Good Afternoon,FALSE,Original Song
2022,Best Song for a Musical / Comedy,Spirited,Sukari Jones,Good Afternoon,FALSE,Original Song
2022,Best Song for a Musical / Comedy,Spirited,Benj Pasek,Good Afternoon,FALSE,Original Song
2022,Best Song for a Musical / Comedy,Spirited,Justin Paul,Good Afternoon,FALSE,Original Song
2022,Best Song for a Musical / Comedy,Spirited,Mark Sonnenblick,Good Afternoon,FALSE,Original Song
2022,Best Song for a Musical / Comedy,Central Park,Danny Elfman,Light the Match,FALSE,Original Song
2022,Best Song for a Musical / Comedy,Bros,Billy Eichner,Love Is Not Love,FALSE,Original Song
2022,Best Song for a Musical / Comedy,Bros,Marc Shaiman,Love Is Not Love,FALSE,Original Song
2022,Best Song for a Musical / Comedy,Weird: The Al Yankovic Story,Weird Al Yankovic,Now You Know,FALSE,Original Song
2022,Best Song for a Drama / Documentary,Tell It Like a Woman,Dianne Warren,Applause,TRUE,Original Song
2022,Best Song for a Drama / Documentary,Where the Crawdads Sing,Taylor Swift,Carolina,FALSE,Original Song
2022,Best Song for a Drama / Documentary,Top Gun: Maverick,Lady Gaga,Hold My Hand,FALSE,Original Song
2022,Best Song for a Drama / Documentary,Top Gun: Maverick,Bloodpop,Hold My Hand,FALSE,Original Song
2022,Best Song for a Drama / Documentary,Black Panther: Wakanda Forever,Tems,Lift Me Up,FALSE,Original Song
2022,Best Song for a Drama / Documentary,Black Panther: Wakanda Forever,Rihanna,Lift Me Up,FALSE,Original Song
2022,Best Song for a Drama / Documentary,Black Panther: Wakanda Forever,Ludwig Göransson,Lift Me Up,FALSE,Original Song
2022,Best Song for a Drama / Documentary,Black Panther: Wakanda Forever,Ryan Coogler,Lift Me Up,FALSE,Original Song
2022,Best Song for a Drama / Documentary,Bones and All,Trent Reznor,(You Make It Feel Like) Home,FALSE,Original Song
2022,Best Song for a Drama / Documentary,Bones and All,Atticus Ross,(You Make It Feel Like) Home,FALSE,Original Song
2021,Best Studio Film Score,Don't Look Up,Nicholas Britell,,FALSE,Original Score
2021,Best Studio Film Score,Dune,Hans Zimmer,,FALSE,Original Score
2021,Best Studio Film Score,Encanto,Germaine Franco,,TRUE,Original Score
2021,Best Studio Film Score,The French Dispatch,Alexandre Desplat,,FALSE,Original Score
2021,Best Studio Film Score,The Power of the Dog,Jonny Greenwood,,FALSE,Original Score
2021,Best Independent Film Score,American Traitor: The Trial of Axis Sally,Kubilay Uner,,FALSE,Original Score
2021,Best Independent Film Score,The Green Knight,Daniel Hart,,TRUE,Original Score
2021,Best Independent Film Score,Julia,Rachel Portman,,FALSE,Original Score
2021,Best Independent Film Score,Parallel Mothers,Alberto Iglesias,,FALSE,Original Score
2021,Best Independent Film Score,Spencer,Jonny Greenwood,,FALSE,Original Score
2021,Best Song for a Musical / Comedy,Don't Look Up,Nicholas Britell,Just Look Up,TRUE,Original Song
2021,Best Song for a Musical / Comedy,Don't Look Up,Ariana Grande,Just Look Up,TRUE,Original Song
2021,Best Song for a Musical / Comedy,Don't Look Up,Scott Mescudi,Just Look Up,TRUE,Original Song
2021,Best Song for a Musical / Comedy,Respect,Jamie Hartman,Here I Am (Singing My Way Home),FALSE,Original Song
2021,Best Song for a Musical / Comedy,Respect,Jennifer Hudson,Here I Am (Singing My Way Home),FALSE,Original Song
2021,Best Song for a Musical / Comedy,Respect,Carole King,Here I Am (Singing My Way Home),FALSE,Original Song
2021,Best Song for a Musical / Comedy,Spirit Untamed,Amie Doherty,Fearless,FALSE,Original Song
2021,Best Song for a Musical / Comedy,Dear White People,Kris Bowers,Together All the Way,FALSE,Original Song
2021,Best Song for a Musical / Comedy,Dear White People,Siedah Garrett,Together All the Way,FALSE,Original Song
2021,Best Song for a Musical / Comedy,In the Heights,Lin-Manuel Miranda,Home All Summer,FALSE,Original Song
2021,Best Song for a Drama / Documentary,No Time to Die,Billie Eilish o'Connell,No Time to Die,TRUE,Original Song
2021,Best Song for a Drama / Documentary,No Time to Die,Finneas o'Connell,No Time to Die,TRUE,Original Song
2021,Best Song for a Drama / Documentary,Four Good Days,Dianne Warren,Somehow You Do,FALSE,Original Song
2021,Best Song for a Drama / Documentary,Rebel Hearts,Rufus Wainwright,Secret Sister,FALSE,Original Song
2021,Best Song for a Drama / Documentary,The Mustangs: America's Wild Horses,Dianne Warren,(Never Gonna) Tame You,FALSE,Original Song
2021,Best Song for a Drama / Documentary,The Harder They Fall,Shawn Carter,Guns Go Bang,FALSE,Original Song
2021,Best Song for a Drama / Documentary,The Harder They Fall,Scott Mescudi,Guns Go Bang,FALSE,Original Song
2021,Best Song for a Drama / Documentary,The Harder They Fall,Jeymes Samuel,Guns Go Bang,FALSE,Original Song
2020,Best Studio Film Score,News of the World,James Newton Howard,,FALSE,Original Score
2020,Best Studio Film Score,Tenet,Ludwig Göransson,,FALSE,Original Score
2020,Best Studio Film Score,Da 5 Bloods,Terence Blanchard,,FALSE,Original Score
2020,Best Studio Film Score,Mank,Trent Reznor,,FALSE,Original Score
2020,Best Studio Film Score,Mank,Atticus Ross,,FALSE,Original Score
2020,Best Studio Film Score,Soul,Jon Batiste,,TRUE,Original Score
2020,Best Studio Film Score,Soul,Trent Reznor,,TRUE,Original Score
2020,Best Studio Film Score,Soul,Atticus Ross,,TRUE,Original Score
2020,Best Independent Film Score,Minari,Emile Mosseri,,FALSE,Original Score
2020,Best Independent Film Score,Blizzard of Souls (Dvēseļu Putenis),Lolita Ritmanis,,TRUE,Original Score
2020,Best Independent Film Score,The Lost Husband,Sherri Chung,,FALSE,Original Score
2020,Best Independent Film Score,David Attenborough: A Life on Our Planet,Steven Price,,FALSE,Original Score
2020,Best Independent Film Score,Shirley,Tamar-kali Brown,,FALSE,Original Score
2020,Best Song for Visual Media,The One and Only Ivan,Dianne Warren,Free,FALSE,Original Song
2020,Best Song for Visual Media,Eurovision Song Contest: The Story of Fire Saga,Savan Kotecha,Husavik,TRUE,Original Song
2020,Best Song for Visual Media,Eurovision Song Contest: The Story of Fire Saga,Fat Max Gsus,Husavik,TRUE,Original Song
2020,Best Song for Visual Media,Eurovision Song Contest: The Story of Fire Saga,Rickard Göransson,Husavik,TRUE,Original Song
2020,Best Song for Visual Media,Mank,Trent Reznor,(If Only You Could) Save Me,FALSE,Original Song
2020,Best Song for Visual Media,Mank,Atticus Ross,(If Only You Could) Save Me,FALSE,Original Song
2020,Best Song for Visual Media,Lovecraft Country,Laura Karpman,"Tulsa, 1921: Catch the Fire",FALSE,Original Song
2020,Best Song for Visual Media,Lovecraft Country,Raphael Saadiq,"Tulsa, 1921: Catch the Fire",FALSE,Original Song
2020,Best Song for Visual Media,Lovecraft Country,Sonia Sánchez,"Tulsa, 1921: Catch the Fire",FALSE,Original Song
2020,Best Song for Visual Media,Borat Subsequent Moviefilm: Delivery of Prodigious Bride to American Regime for Make Benefit Once Glorious Nation of Kazakhstan,Erran Baron Cohen,Wuhan Flu,FALSE,Original Song
2020,Best Song for Visual Media,Borat Subsequent Moviefilm: Delivery of Prodigious Bride to American Regime for Make Benefit Once Glorious Nation of Kazakhstan,Sasha Baron Cohen,Wuhan Flu,FALSE,Original Song
2020,Best Song for Visual Media,Borat Subsequent Moviefilm: Delivery of Prodigious Bride to American Regime for Make Benefit Once Glorious Nation of Kazakhstan,Anthony Hines,Wuhan Flu,FALSE,Original Song
2019,Best Studio Film Score,Us,Michael Abels,,FALSE,Original Score
2019,Best Studio Film Score,Jojo Rabbit,Michael Giacchino,,FALSE,Original Score
2019,Best Studio Film Score,Joker,Hildur Guðnadóttir,,TRUE,Original Score
2019,Best Studio Film Score,How to Train Your Dragon: The Hidden World,John Powell,,FALSE,Original Score
2019,Best Studio Film Score,Avengers: Endgame,Alan Silvestri,,FALSE,Original Score
2019,Best Independent Film Score,The Biggest Little Farm,Jeff Beal,,FALSE,Original Score
2019,Best Independent Film Score,Toni Morrison: The Pieces I Am,Kathryn Bostic,,TRUE,Original Score
2019,Best Independent Film Score,Pain and Glory,Alberto Iglesias,,FALSE,Original Score
2019,Best Independent Film Score,The Song of Names,Howard Shore,,FALSE,Original Score
2019,Best Independent Film Score,Judy,Gabriel Yared,,FALSE,Original Score
2019,Best Song for Visual Media,Frozen II,Kristen Anderson-López,Into the Unknown,FALSE,Original Song
2019,Best Song for Visual Media,Frozen II,Robert López,Into the Unknown,FALSE,Original Song
2019,Best Song for Visual Media,Toni Morrison: The Pieces I Am,Kathryn Bostic,High above the Water,FALSE,Original Song
2019,Best Song for Visual Media,Harriet,Joshuah Brian Campbell,Stand Up,TRUE,Original Song
2019,Best Song for Visual Media,Harriet,Cynthia Erivo,Stand Up,TRUE,Original Song
2019,Best Song for Visual Media,Aladdin,Justin Paul,Speechless,FALSE,Original Song
2019,Best Song for Visual Media,Aladdin,Benj Pasek,Speechless,FALSE,Original Song
2019,Best Song for Visual Media,Aladdin,Alan Menken,Speechless,FALSE,Original Song
2019,Best Song for Visual Media,Breakthrough,Dianne Warren,I'm Standing with You,FALSE,Original Song
2025,Outstanding Original Score for a Studio Film,Sinners,Ludwig Göransson,,FALSE,Original Score
2025,Outstanding Original Score for a Studio Film,Frankenstein,Alexandre Desplat,,FALSE,Original Score
2025,Outstanding Original Score for a Studio Film,One Battle After Another,Jonny Greenwood,,FALSE,Original Score
2025,Outstanding Original Score for a Studio Film,Wicked: For Good,Stephen Schwartz,,FALSE,Original Score
2025,Outstanding Original Score for a Studio Film,Wicked: For Good,John Powell,,FALSE,Original Score
2025,Outstanding Original Score for a Studio Film,Hamnet,Max Richter,,FALSE,Original Score
2025,Outstanding Original Score for a Studio Film,Bugonia,Jerskin Fendrix,,FALSE,Original Score
2025,Outstanding Original Score for an Independent Film,Straw,Dara Taylor,,FALSE,Original Score
2025,Outstanding Original Score for an Independent Film,Train Dreams,Bryce Dessner,,FALSE,Original Score
2025,Outstanding Original Score for an Independent Film,Eternity,David Fleming,,FALSE,Original Score
2025,Outstanding Original Score for an Independent Film,Out of the Nest,Fabrizio Mancinelli,,FALSE,Original Score
2025,Outstanding Original Score for an Independent Film,Rental Family,Jónsi,,FALSE,Original Score
2025,Outstanding Original Score for an Independent Film,Rental Family,Alex Somers,,FALSE,Original Score
2025,Outstanding Original Score for an Independent Film,To Kill a Wolf,Sara Barone,,FALSE,Original Score
2025,Outstanding Original Score for an Independent Film,To Kill a Wolf,Forest Christenson,,FALSE,Original Score
2025,Outstanding Original Score for a Television Production,Severance,Theodore Shapiro,,FALSE,
2025,Outstanding Original Score for a Television Production,The Studio,Antonio Sánchez,,FALSE,
2025,Outstanding Original Score for a Television Production,Andor,Brandon Roberts,,FALSE,
2025,Outstanding Original Score for a Television Production,Pluribus,Dave Porter,,FALSE,
2025,Outstanding Original Score for a Television Production,The White Lotus,Cristobal Tapia de Veer,,FALSE,
2025,Outstanding Original Score for a Television Production,The Last of Us,David Fleming,,FALSE,
2025,Outstanding Original Score for a Television Production,The Last of Us,Gustavo Santaolalla,,FALSE,
2025,Outstanding Original Title Sequence for a Television Production,The White Lotus,Cristobal Tapia de Veer,,FALSE,
2025,Outstanding Original Title Sequence for a Television Production,Dept. Q,Carlos Rafael Rivera,,FALSE,
2025,Outstanding Original Title Sequence for a Television Production,Pluribus,Dave Porter,,FALSE,
2025,Outstanding Original Title Sequence for a Television Production,The Beast in Me,Sean Callery,,FALSE,
2025,Outstanding Original Title Sequence for a Television Production,Murderbot,Amanda Jones,,FALSE,
2025,Outstanding Original Title Sequence for a Television Production,All Her Fault,Jeff Beal,,FALSE,
2025,Outstanding Original Score for Interactive Media,Sword of the Sea,Austin Wintory,,FALSE,
2025,Outstanding Original Score for Interactive Media,Indiana Jones and the Great Circle: The Order of the Giants,Gordy Haab,,FALSE,
2025,Outstanding Original Score for Interactive Media,Star Wars Outlaws: A Pirate's Fortune,Wilbert Roget II,,FALSE,
2025,Outstanding Original Score for Interactive Media,Star Wars Outlaws: A Pirate's Fortune,Cody Matthew Johnson,,FALSE,
2025,Outstanding Original Score for Interactive Media,Star Wars Outlaws: A Pirate's Fortune,Jon Everist,,FALSE,
2025,Outstanding Original Score for Interactive Media,Wildgate,Maclaine Diemer,,FALSE,
2025,David Raksin Award for Emerging Talent,Washington Black,Cameron Moody,,FALSE,
2025,David Raksin Award for Emerging Talent,Laws of Man,Chin-Shan Chang,,FALSE,
2025,David Raksin Award for Emerging Talent,A Nice Indian Boy,Raashi Kulkarni,,FALSE,
2025,David Raksin Award for Emerging Talent,Dr. Seuss's The Sneetches,Greg Nicolett,,FALSE,
2025,David Raksin Award for Emerging Talent,Ride or Die,Freya Berkhout,,FALSE,
2025,David Raksin Award for Emerging Talent,The Map That Leads to You,Sara Trevino,,FALSE,
2025,Outstanding Original Song for a Dramatic or Documentary Visual Media Production,Diane Warren: Relentless,Diane Warren,Dear Me,FALSE,Original Song
2025,Outstanding Original Song for a Dramatic or Documentary Visual Media Production,Sinners,Alice Smith,Last Time (I Seen the Sun),FALSE,Original Song
2025,Outstanding Original Song for a Dramatic or Documentary Visual Media Production,Sinners,Miles Caton,Last Time (I Seen the Sun),FALSE,Original Song
2025,Outstanding Original Song for a Dramatic or Documentary Visual Media Production,Sinners,Ludwig Göransson,Last Time (I Seen the Sun),FALSE,Original Song
2025,Outstanding Original Song for a Dramatic or Documentary Visual Media Production,Sinners,Raphael Saadiq,I Lied to You,FALSE,Original Song
2025,Outstanding Original Song for a Dramatic or Documentary Visual Media Production,Sinners,Ludwig Göransson,I Lied to You,FALSE,Original Song
2025,Outstanding Original Song for a Dramatic or Documentary Visual Media Production,Come See Me in the Good Light,Sara Bareilles,Salt Then Sour Then Sweet,FALSE,Original Song
2025,Outstanding Original Song for a Dramatic or Documentary Visual Media Production,Come See Me in the Good Light,Brandi Carlile,Salt Then Sour Then Sweet,FALSE,Original Song
2025,Outstanding Original Song for a Dramatic or Documentary Visual Media Production,Come See Me in the Good Light,Andrea Gibson,Salt Then Sour Then Sweet,FALSE,Original Song
2025,Outstanding Original Song for a Dramatic or Documentary Visual Media Production,The Wheel of Time,Nikhil Koparkar,The Hills of Tanchico,FALSE,Original Song
2025,Outstanding Original Song for a Dramatic or Documentary Visual Media Production,The Wheel of Time,Rammy Park,The Hills of Tanchico,FALSE,Original Song
2025,Outstanding Original Song for a Dramatic or Documentary Visual Media Production,F1,Ed Sheeran,Drive,FALSE,Original Song
2025,Outstanding Original Song for a Dramatic or Documentary Visual Media Production,F1,Blake Slatkin,Drive,FALSE,Original Song
2025,Outstanding Original Song for a Dramatic or Documentary Visual Media Production,F1,John Mayer,Drive,FALSE,Original Song
2025,Outstanding Original Song for a Comedy or Musical Visual Media Production,KPop Demon Hunters,Ejae,Golden,FALSE,Original Song
2025,Outstanding Original Song for a Comedy or Musical Visual Media Production,KPop Demon Hunters,Mark Sonnenblick,Golden,FALSE,Original Song
2025,Outstanding Original Song for a Comedy or Musical Visual Media Production,Wicked: For Good,Stephen Schwartz,No Place Like Home,FALSE,Original Song
2025,Outstanding Original Song for a Comedy or Musical Visual Media Production,Wicked: For Good,Stephen Schwartz,The Girl in the Bubble,FALSE,Original Song
2025,Outstanding Original Song for a Comedy or Musical Visual Media Production,A Minecraft Movie,Jack Black,Steve's Lava Chicken,FALSE,Original Song
2025,Outstanding Original Song for a Comedy or Musical Visual Media Production,A Minecraft Movie,Jared Hess,Steve's Lava Chicken,FALSE,Original Song
2025,Outstanding Original Song for a Comedy or Musical Visual Media Production,A Minecraft Movie,Mark Ronson,I Feel Alive,FALSE,Original Song
2025,Outstanding Original Song for a Comedy or Musical Visual Media Production,A Minecraft Movie,Andrew Wyatt,I Feel Alive,FALSE,Original Song
2025,Outstanding Original Song for a Comedy or Musical Visual Media Production,A Minecraft Movie,Jack Black,I Feel Alive,FALSE,Original Song
2025,Outstanding Original Song for a Comedy or Musical Visual Media Production,Zootopia 2,Blake Slatkin,Zoo,FALSE,Original Song
2025,Outstanding Original Song for a Comedy or Musical Visual Media Production,Zootopia 2,Shakira,Zoo,FALSE,Original Song
2025,Outstanding Original Song for a Comedy or Musical Visual Media Production,Zootopia 2,Ed Sheeran,Zoo,FALSE,Original Song