Year,Film,Nominee,Won,Category,Concordance
2005,Memoirs of a Geisha,Dion Beebe,TRUE,Outstanding Achievement in Cinematography in Theatrical Releases,Cinematography
2005,Batman Begins,Wally Pfister,FALSE,Outstanding Achievement in Cinematography in Theatrical Releases,Cinematography
2005,Brokeback Mountain,Rodrigo Prieto,FALSE,Outstanding Achievement in Cinematography in Theatrical Releases,Cinematography
2005,"Good Night, and Good Luck",Robert Elswit,FALSE,Outstanding Achievement in Cinematography in Theatrical Releases,Cinematography
2005,King Kong,Andrew Lesnie,FALSE,Outstanding Achievement in Cinematography in Theatrical Releases,Cinematography
2006,Children of Men,Emmanuel Lubezki,TRUE,Outstanding Achievement in Cinematography in Theatrical Releases,Cinematography
2006,Apocalypto,Dean Semler,FALSE,Outstanding Achievement in Cinematography in Theatrical Releases,Cinematography
2006,The Black Dahlia,Vilmos Zsigmond,FALSE,Outstanding Achievement in Cinematography in Theatrical Releases,Cinematography
2006,The Good Shepherd,Robert Richardson,FALSE,Outstanding Achievement in Cinematography in Theatrical Releases,Cinematography
2006,The Illusionist,Dick Pope,FALSE,Outstanding Achievement in Cinematography in Theatrical Releases,Cinematography
2007,There Will Be Blood,Robert Elswit,TRUE,Outstanding Achievement in Cinematography in Theatrical Releases,Cinematography
2007,The Assassination of Jesse James by the Coward Robert Ford,Roger Deakins,FALSE,Outstanding Achievement in Cinematography in Theatrical Releases,Cinematography
2007,Atonement,Seamus McGarvey,FALSE,Outstanding Achievement in Cinematography in Theatrical Releases,Cinematography
2007,The Diving Bell and the Butterfly,Janusz Kamiński,FALSE,Outstanding Achievement in Cinematography in Theatrical Releases,Cinematography
2007,No Country for Old Men,Roger Deakins,FALSE,Outstanding Achievement in Cinematography in Theatrical Releases,Cinematography
2008,Slumdog Millionaire,Anthony Dod Mantle,TRUE,Outstanding Achievement in Cinematography in Theatrical Releases,Cinematography
2008,The Curious Case of Benjamin Button,Claudio Miranda,FALSE,Outstanding Achievement in Cinematography in Theatrical Releases,Cinematography
2008,The Dark Knight,Wally Pfister,FALSE,Outstanding Achievement in Cinematography in Theatrical Releases,Cinematography
2008,The Reader,Roger Deakins,FALSE,Outstanding Achievement in Cinematography in Theatrical Releases,Cinematography
2008,The Reader,Chris Menges,FALSE,Outstanding Achievement in Cinematography in Theatrical Releases,Cinematography
2008,Revolutionary Road,Roger Deakins,FALSE,Outstanding Achievement in Cinematography in Theatrical Releases,Cinematography
2009,The White Ribbon,Christian Berger,TRUE,Outstanding Achievement in Cinematography in Theatrical Releases,Cinematography
2009,Avatar,Mauro Fiore,FALSE,Outstanding Achievement in Cinematography in Theatrical Releases,Cinematography
2009,The Hurt Locker,Barry Ackroyd,FALSE,Outstanding Achievement in Cinematography in Theatrical Releases,Cinematography
2009,Inglourious Basterds,Robert Richardson,FALSE,Outstanding Achievement in Cinematography in Theatrical Releases,Cinematography
2009,Nine,Dion Beebe,FALSE,Outstanding Achievement in Cinematography in Theatrical Releases,Cinematography
2010,Inception,Wally Pfister,TRUE,Outstanding Achievement in Cinematography in Theatrical Releases,Cinematography
2010,Black Swan,Matthew Libatique,FALSE,Outstanding Achievement in Cinematography in Theatrical Releases,Cinematography
2010,The King's Speech,Danny Cohen,FALSE,Outstanding Achievement in Cinematography in Theatrical Releases,Cinematography
2010,The Social Network,Jeff Cronenweth,FALSE,Outstanding Achievement in Cinematography in Theatrical Releases,Cinematography
2010,True Grit,Roger Deakins,FALSE,Outstanding Achievement in Cinematography in Theatrical Releases,Cinematography
2011,The Tree of Life,Emmanuel Lubezki,TRUE,Outstanding Achievement in Cinematography in Theatrical Releases,Cinematography
2011,The Artist,Guillaume Schiffman,FALSE,Outstanding Achievement in Cinematography in Theatrical Releases,Cinematography
2011,The Girl with the Dragon Tattoo,Jeff Cronenweth,FALSE,Outstanding Achievement in Cinematography in Theatrical Releases,Cinematography
2011,Hugo,Robert Richardson,FALSE,Outstanding Achievement in Cinematography in Theatrical Releases,Cinematography
2011,Tinker Tailor Soldier Spy,Hoyte van Hoytema,FALSE,Outstanding Achievement in Cinematography in Theatrical Releases,Cinematography
2012,Skyfall,Roger Deakins,TRUE,Outstanding Achievement in Cinematography in Theatrical Releases,Cinematography
2012,Anna Karenina,Seamus McGarvey,FALSE,Outstanding Achievement in Cinematography in Theatrical Releases,Cinematography
2012,Les Misérables,Danny Cohen,FALSE,Outstanding Achievement in Cinematography in Theatrical Releases,Cinematography
2012,Life of Pi,Claudio Miranda,FALSE,Outstanding Achievement in Cinematography in Theatrical Releases,Cinematography
2012,Lincoln,Janusz Kamiński,FALSE,Outstanding Achievement in Cinematography in Theatrical Releases,Cinematography
2013,Gravity,Emmanuel Lubezki,TRUE,Outstanding Achievement in Cinematography in Theatrical Releases,Cinematography
2013,12 Years a Slave,Sean Bobbitt,FALSE,Outstanding Achievement in Cinematography in Theatrical Releases,Cinematography
2013,Captain Phillips,Barry Ackroyd,FALSE,Outstanding Achievement in Cinematography in Theatrical Releases,Cinematography
2013,The Grandmaster,Philippe Le Sourd,FALSE,Outstanding Achievement in Cinematography in Theatrical Releases,Cinematography
2013,Inside Llewyn Davis,Bruno Delbonnel,FALSE,Outstanding Achievement in Cinematography in Theatrical Releases,Cinematography
2013,Nebraska,Phedon Papamichael,FALSE,Outstanding Achievement in Cinematography in Theatrical Releases,Cinematography
2013,Prisoners,Roger Deakins,FALSE,Outstanding Achievement in Cinematography in Theatrical Releases,Cinematography
2014,Birdman or (The Unexpected Virtue of Ignorance),Emmanuel Lubezki,TRUE,Outstanding Achievement in Cinematography in Theatrical Releases,Cinematography
2014,The Grand Budapest Hotel,Robert Yeoman,FALSE,Outstanding Achievement in Cinematography in Theatrical Releases,Cinematography
2014,The Imitation Game,Óscar Faura,FALSE,Outstanding Achievement in Cinematography in Theatrical Releases,Cinematography
2014,Mr. Turner,Dick Pope,FALSE,Outstanding Achievement in Cinematography in Theatrical Releases,Cinematography
2014,Unbroken,Roger Deakins,FALSE,Outstanding Achievement in Cinematography in Theatrical Releases,Cinematography
2015,The Revenant,Emmanuel Lubezki,TRUE,Outstanding Achievement in Cinematography in Theatrical Releases,Cinematography
2015,Bridge of Spies,Janusz Kamiński,FALSE,Outstanding Achievement in Cinematography in Theatrical Releases,Cinematography
2015,Carol,Edward Lachman,FALSE,Outstanding Achievement in Cinematography in Theatrical Releases,Cinematography
2015,Mad Max: Fury Road,John Seale,FALSE,Outstanding Achievement in Cinematography in Theatrical Releases,Cinematography
2015,Sicario,Roger Deakins,FALSE,Outstanding Achievement in Cinematography in Theatrical Releases,Cinematography
2016,Lion,Greig Fraser,TRUE,Outstanding Achievement in Cinematography in Theatrical Releases,Cinematography
2016,Arrival,Bradford Young,FALSE,Outstanding Achievement in Cinematography in Theatrical Releases,Cinematography
2016,La La Land,Linus Sandgren,FALSE,Outstanding Achievement in Cinematography in Theatrical Releases,Cinematography
2016,Moonlight,James Laxton,FALSE,Outstanding Achievement in Cinematography in Theatrical Releases,Cinematography
2016,Silence,Rodrigo Prieto,FALSE,Outstanding Achievement in Cinematography in Theatrical Releases,Cinematography
2017,Blade Runner 2049,Roger Deakins,TRUE,Outstanding Achievement in Cinematography in Theatrical Releases,Cinematography
2017,Darkest Hour,Bruno Delbonnel,FALSE,Outstanding Achievement in Cinematography in Theatrical Releases,Cinematography
2017,Dunkirk,Hoyte van Hoytema,FALSE,Outstanding Achievement in Cinematography in Theatrical Releases,Cinematography
2017,Mudbound,Rachel Morrison,FALSE,Outstanding Achievement in Cinematography in Theatrical Releases,Cinematography
2017,The Shape of Water,Dan Laustsen,FALSE,Outstanding Achievement in Cinematography in Theatrical Releases,Cinematography
2018,Cold War,Łukasz Żal,TRUE,Outstanding Achievement in Cinematography in Theatrical Releases,Cinematography
2018,The Favourite,Robbie Ryan,FALSE,Outstanding Achievement in Cinematography in Theatrical Releases,Cinematography
2018,First Man,Linus Sandgren,FALSE,Outstanding Achievement in Cinematography in Theatrical Releases,Cinematography
2018,Roma,Alfonso Cuarón,FALSE,Outstanding Achievement in Cinematography in Theatrical Releases,Cinematography
2018,A Star Is Born,Matthew Libatique,FALSE,Outstanding Achievement in Cinematography in Theatrical Releases,Cinematography
2019,1917,Roger Deakins,TRUE,Outstanding Achievement in Cinematography in Theatrical Releases,Cinematography
2019,Ford v Ferrari,Phedon Papamichael,FALSE,Outstanding Achievement in Cinematography in Theatrical Releases,Cinematography
2019,The Irishman,Rodrigo Prieto,FALSE,Outstanding Achievement in Cinematography in Theatrical Releases,Cinematography
2019,Joker,Lawrence Sher,FALSE,Outstanding Achievement in Cinematography in Theatrical Releases,Cinematography
2019,Once Upon a Time in Hollywood,Robert Richardson,FALSE,Outstanding Achievement in Cinematography in Theatrical Releases,Cinematography
2020,Mank,Erik Messerschmidt,TRUE,Outstanding Achievement in Cinematography in Theatrical Releases,Cinematography
2020,Cherry,Newton Thomas Sigel,FALSE,Outstanding Achievement in Cinematography in Theatrical Releases,Cinematography
2020,News of the World,Dariusz Wolski,FALSE,Outstanding Achievement in Cinematography in Theatrical Releases,Cinematography
2020,Nomadland,Joshua James Richards,FALSE,Outstanding Achievement in Cinematography in Theatrical Releases,Cinematography
2020,The Trial of the Chicago 7,Phedon Papamichael,FALSE,Outstanding Achievement in Cinematography in Theatrical Releases,Cinematography
2021,Belfast,Haris Zambarloukos,FALSE,Outstanding Achievement in Cinematography in Theatrical Releases,Cinematography
2021,Dune,Greig Fraser,TRUE,Outstanding Achievement in Cinematography in Theatrical Releases,Cinematography
2021,Nightmare Alley,Dan Laustsen,FALSE,Outstanding Achievement in Cinematography in Theatrical Releases,Cinematography
2021,The Power of the Dog,Ari Wegner,FALSE,Outstanding Achievement in Cinematography in Theatrical Releases,Cinematography
2021,The Tragedy of Macbeth,Bruno Delbonnel,FALSE,Outstanding Achievement in Cinematography in Theatrical Releases,Cinematography
2022,Empire of Light,Roger Deakins,FALSE,Outstanding Achievement in Cinematography in Theatrical Releases,Cinematography
2022,The Batman,Greig Fraser,FALSE,Outstanding Achievement in Cinematography in Theatrical Releases,Cinematography
2022,"Bardo, False Chronicle of a Handful of Truths",Darius Khondji,FALSE,Outstanding Achievement in Cinematography in Theatrical Releases,Cinematography
2022,Top Gun: Maverick,Claudio Miranda,FALSE,Outstanding Achievement in Cinematography in Theatrical Releases,Cinematography
2022,Elvis,Mandy Walker,TRUE,Outstanding Achievement in Cinematography in Theatrical Releases,Cinematography
2023,El Conde,Edward Lachman,FALSE,Outstanding Achievement in Cinematography in Theatrical Releases,Cinematography
2023,Killers of the Flower Moon,Rodrigo Prieto,FALSE,Outstanding Achievement in Cinematography in Theatrical Releases,Cinematography
2023,Maestro,Matthew Libatique,FALSE,Outstanding Achievement in Cinematography in Theatrical Releases,Cinematography
2023,Oppenheimer,Hoyte van Hoytema,TRUE,Outstanding Achievement in Cinematography in Theatrical Releases,Cinematography
2023,Poor Things,Robbie Ryan,FALSE,Outstanding Achievement in Cinematography in Theatrical Releases,Cinematography
2024,The Brutalist,Lol Crawley,FALSE,Outstanding Achievement in Cinematography in Theatrical Releases,Cinematography
2024,A Complete Unknown,Phedon Papamichael,FALSE,Outstanding Achievement in Cinematography in Theatrical Releases,Cinematography
2024,Conclave,Stéphane Fontaine,FALSE,Outstanding Achievement in Cinematography in Theatrical Releases,Cinematography
2024,Dune: Part Two,Greig Fraser,FALSE,Outstanding Achievement in Cinematography in Theatrical Releases,Cinematography
2024,Maria,Edward Lachman,TRUE,Outstanding Achievement in Cinematography in Theatrical Releases,Cinematography
2024,Nosferatu,Jarin Blaschke,FALSE,Outstanding Achievement in Cinematography in Theatrical Releases,Cinematography
2024,Wicked,Alice Brooks,FALSE,Outstanding Achievement in Cinematography in Theatrical Releases,Cinematography
2025,Sinners,Autumn Durald Arkapaw,FALSE,Outstanding Achievement in Cinematography in Theatrical Releases,Cinematography
2025,One Battle After Another,Michael Bauman,FALSE,Outstanding Achievement in Cinematography in Theatrical Releases,Cinematography
2025,Marty Supreme,Darius Khondji,FALSE,Outstanding Achievement in Cinematography in Theatrical Releases,Cinematography
2025,Frankenstein,Dan Laustsen,FALSE,Outstanding Achievement in Cinematography in Theatrical Releases,Cinematography
2025,Train Dreams,Adolpho Veloso,FALSE,Outstanding Achievement in Cinematography in Theatrical Releases,Cinematography