Year,Category,Film,Nominee,Concordance,Won
2024,Best Edited Documentary (Non-Theatrical),Chimp Crazy,Evan Wise,Editing,TRUE
2024,Best Edited Documentary (Non-Theatrical),Chimp Crazy,Charles Divak,Editing,TRUE
2024,Best Edited Documentary (Non-Theatrical),Chimp Crazy,Adrienne Gits,Editing,TRUE
2024,Best Edited Documentary (Non-Theatrical),Chimp Crazy,Doug Abel,Editing,TRUE
2024,Best Edited Documentary (Non-Theatrical),The Jinx – Part Two,Richard Hankin,Editing,FALSE
2024,Best Edited Documentary (Non-Theatrical),The Jinx – Part Two,Charles Olivier,Editing,FALSE
2024,Best Edited Documentary (Non-Theatrical),Quiet on Set: The Dark Side of Kids TV,Daphne Gómez-Mena,Editing,FALSE
2024,Best Edited Documentary (Non-Theatrical),Quiet on Set: The Dark Side of Kids TV,Jane Jo,Editing,FALSE
2024,Best Edited Documentary (Non-Theatrical),"STEVE! (Martin), a Documentary in 2 Pieces",Alan Lowe,Editing,FALSE
2024,Best Edited Documentary (Non-Theatrical),"STEVE! (Martin), a Documentary in 2 Pieces",Jeff Malmberg,Editing,FALSE
2024,Best Edited Documentary (Non-Theatrical),"STEVE! (Martin), a Documentary in 2 Pieces",Aaron I. Naar,Editing,FALSE
2023,Best Edited Animated Feature Film (Theatrical or Non-Theatrical),Elemental,Stephen Schaffer,Editing,FALSE
2023,Best Edited Animated Feature Film (Theatrical or Non-Theatrical),Nimona,Randy Trager,Editing,FALSE
2023,Best Edited Animated Feature Film (Theatrical or Non-Theatrical),Nimona,Erin Crackel,Editing,FALSE
2023,Best Edited Animated Feature Film (Theatrical or Non-Theatrical),Spider-Man: Across the Spider-Verse,Michael Andrews,Editing,TRUE
2023,Best Edited Animated Feature Film (Theatrical or Non-Theatrical),The Super Mario Bros. Movie,Eric Osmond,Editing,FALSE
2023,Best Edited Animated Feature Film (Theatrical or Non-Theatrical),Teenage Mutant Ninja Turtles: Mutant Mayhem,Greg Levitan,Editing,FALSE
2023,Best Edited Documentary (Non-Theatrical),100 Foot Wave,Alex Bayer,Editing,FALSE
2023,Best Edited Documentary (Non-Theatrical),100 Foot Wave,Alex Keipper,Editing,FALSE
2023,Best Edited Documentary (Non-Theatrical),100 Foot Wave,Quin O'Brien,Editing,FALSE
2023,Best Edited Documentary (Non-Theatrical),Albert Brooks: Defending My Life,Bob Joyce,Editing,FALSE
2023,Best Edited Documentary (Non-Theatrical),Beckham,Michael Harte,Editing,FALSE
2023,Best Edited Documentary (Non-Theatrical),Being Mary Tyler Moore,Mariah Rehmet,Editing,FALSE
2023,Best Edited Documentary (Non-Theatrical),Escaping Twin Flames,Martin Biehn,Editing,TRUE
2023,Best Edited Documentary (Non-Theatrical),Escaping Twin Flames,Kevin Hibbard,Editing,TRUE
2023,Best Edited Documentary (Non-Theatrical),Escaping Twin Flames,Inbal B. Lessner,Editing,TRUE
2023,Best Edited Documentary (Non-Theatrical),Escaping Twin Flames,Troy Takaki,Editing,TRUE
2023,Best Edited Documentary (Non-Theatrical),Escaping Twin Flames,Mimi Wilcox,Editing,TRUE
2023,Best Edited Documentary (Theatrical),20 Days in Mariupol,Michelle Mizner,Editing,FALSE
2023,Best Edited Documentary (Theatrical),American Symphony,Sammy Dane,Editing,FALSE
2023,Best Edited Documentary (Theatrical),American Symphony,Matthew Heineman,Editing,FALSE
2023,Best Edited Documentary (Theatrical),American Symphony,Jim Hession,Editing,FALSE
2023,Best Edited Documentary (Theatrical),American Symphony,Fernando Villegas,Editing,FALSE
2023,Best Edited Documentary (Theatrical),Joan Baez: I Am a Noise,Maeve O'Boyle,Editing,FALSE
2023,Best Edited Documentary (Theatrical),Little Richard: I Am Everything,Nyneve Minnear,Editing,FALSE
2023,Best Edited Documentary (Theatrical),Little Richard: I Am Everything,Jake Hostetter,Editing,FALSE
2023,Best Edited Documentary (Theatrical),Still: A Michael J. Fox Movie,Michael Harte,Editing,TRUE
2023,"Best Edited Feature Film (Comedy, Theatrical)",Air,William Goldenberg,Editing,FALSE
2023,"Best Edited Feature Film (Comedy, Theatrical)",American Fiction,Hilda Rasula,Editing,FALSE
2023,"Best Edited Feature Film (Comedy, Theatrical)",Barbie,Nick Houy,Editing,FALSE
2023,"Best Edited Feature Film (Comedy, Theatrical)",The Holdovers,Kevin Tent,Editing,TRUE
2023,"Best Edited Feature Film (Comedy, Theatrical)",Poor Things,Yorgos Mavropsaridis,Editing,FALSE
2023,"Best Edited Feature Film (Drama, Theatrical)",Anatomy of a Fall,Laurent Sénéchal,Editing,FALSE
2023,"Best Edited Feature Film (Drama, Theatrical)",Killers of the Flower Moon,Thelma Schoonmaker,Editing,FALSE
2023,"Best Edited Feature Film (Drama, Theatrical)",Maestro,Michelle Tesoro,Editing,FALSE
2023,"Best Edited Feature Film (Drama, Theatrical)",Oppenheimer,Jennifer Lame,Editing,TRUE
2023,"Best Edited Feature Film (Drama, Theatrical)",Past Lives,Keith Fraase,Editing,FALSE
2022,Best Edited Feature Film – Dramatic,All Quiet on the Western Front,Sven Budelmann,Editing,FALSE
2022,Best Edited Feature Film – Dramatic,Elvis,Matt Villa,Editing,FALSE
2022,Best Edited Feature Film – Dramatic,Elvis,Jonathan Redmond,Editing,FALSE
2022,Best Edited Feature Film – Dramatic,Tár,Monika Willi,Editing,FALSE
2022,Best Edited Feature Film – Dramatic,Top Gun: Maverick,Eddie Hamilton,Editing,TRUE
2022,Best Edited Feature Film – Dramatic,The Woman King,Terilyn A. Shropshire,Editing,FALSE
2022,Best Edited Feature Film – Comedy or Musical,The Banshees of Inisherin,Mikkel E. G. Nielsen,Editing,FALSE
2022,Best Edited Feature Film – Comedy or Musical,Everything Everywhere All at Once,Paul Rogers,Editing,TRUE
2022,Best Edited Feature Film – Comedy or Musical,Glass Onion: A 'Knives Out' Mystery,Bob Ducsay,Editing,FALSE
2022,Best Edited Feature Film – Comedy or Musical,The Menu,Christopher Tellefsen,Editing,FALSE
2022,Best Edited Feature Film – Comedy or Musical,Triangle of Sadness,Ruben Östlund,Editing,FALSE
2022,Best Edited Feature Film – Comedy or Musical,Triangle of Sadness,Mikel Cee Karlsson,Editing,FALSE
2022,Best Edited Documentary – Feature,All the Beauty and the Bloodshed,Amy Foote,Editing,FALSE
2022,Best Edited Documentary – Feature,All the Beauty and the Bloodshed,Joe Bini,Editing,FALSE
2022,Best Edited Documentary – Feature,All the Beauty and the Bloodshed,Brian A. Kates,Editing,FALSE
2022,Best Edited Documentary – Feature,Fire of Love,Erin Casper,Editing,TRUE
2022,Best Edited Documentary – Feature,Fire of Love,Jocelyne Chaput,Editing,TRUE
2022,Best Edited Documentary – Feature,Good Night Oppy,Rejh Cabrera,Editing,FALSE
2022,Best Edited Documentary – Feature,Good Night Oppy,Helen Kearns,Editing,FALSE
2022,Best Edited Documentary – Feature,Moonage Daydream,Brett Morgen,Editing,FALSE
2022,Best Edited Documentary – Feature,Navalny,Maya Hawke,Editing,FALSE
2022,Best Edited Documentary – Feature,Navalny,Langdon Page,Editing,FALSE
2022,Best Edited Animated Feature Film,The Bad Guys,John Venzon,Editing,FALSE
2022,Best Edited Animated Feature Film,Guillermo del Toro's 'Pinocchio',Ken Schretzmann,Editing,TRUE
2022,Best Edited Animated Feature Film,Guillermo del Toro's 'Pinocchio',Holly Klein,Editing,TRUE
2022,Best Edited Animated Feature Film,Marcel the Shell with Shoes On,Dean Fleischer Camp,Editing,FALSE
2022,Best Edited Animated Feature Film,Marcel the Shell with Shoes On,Nick Paley,Editing,FALSE
2022,Best Edited Animated Feature Film,Puss in Boots: The Last Wish,James Ryan,Editing,FALSE
2022,Best Edited Animated Feature Film,Turning Red,Nicholas C. Smith,Editing,FALSE
2022,Best Edited Animated Feature Film,Turning Red,Steve Bloom,Editing,FALSE
2021,Best Edited Feature Film – Dramatic,Belfast,Úna Ní Dhonghaíle,Editing,FALSE
2021,Best Edited Feature Film – Dramatic,Dune,Joe Walker,Editing,FALSE
2021,Best Edited Feature Film – Dramatic,King Richard,Pamela Martin,Editing,TRUE
2021,Best Edited Feature Film – Dramatic,No Time to Die,Elliot Graham,Editing,FALSE
2021,Best Edited Feature Film – Dramatic,No Time to Die,Tom Cross,Editing,FALSE
2021,Best Edited Feature Film – Dramatic,The Power of the Dog,Peter Sciberras,Editing,FALSE
2021,Best Edited Feature Film – Comedy or Musical,Cruella,Tatiana S. Riegel,Editing,FALSE
2021,Best Edited Feature Film – Comedy or Musical,Don't Look Up,Hank Corwin,Editing,FALSE
2021,Best Edited Feature Film – Comedy or Musical,The French Dispatch,Andrew Weisblum,Editing,FALSE
2021,Best Edited Feature Film – Comedy or Musical,Licorice Pizza,Andy Jurgensen,Editing,FALSE
2021,Best Edited Feature Film – Comedy or Musical,"tick, tick... BOOM!",Myron Kerstein,Editing,TRUE
2021,Best Edited Feature Film – Comedy or Musical,"tick, tick... BOOM!",Andrew Weisblum,Editing,TRUE
2021,Best Edited Documentary – Feature,"Summer of Soul (...Or, When the Revolution Could Not Be Televised)",Joshua L. Pearson,Editing,TRUE
2021,Best Edited Documentary – Feature,Flee,Janus Billeskov Jansen,Editing,FALSE
2021,Best Edited Documentary – Feature,The Rescue,Bob Eisenhardt,Editing,FALSE
2021,Best Edited Documentary – Feature,Val,Ting Poo,Editing,FALSE
2021,Best Edited Documentary – Feature,Val,Leo Scott,Editing,FALSE
2021,Best Edited Documentary – Feature,The Velvet Underground,Affonso Gonçalves,Editing,FALSE
2021,Best Edited Documentary – Feature,The Velvet Underground,Adam Kurnitz,Editing,FALSE
2021,Best Edited Animated Feature Film,Encanto,Jeremy Milton,Editing,TRUE
2021,Best Edited Animated Feature Film,Luca,Catherine Apple,Editing,FALSE
2021,Best Edited Animated Feature Film,The Mitchells vs. the Machines,Greg Levitan,Editing,FALSE
2021,Best Edited Animated Feature Film,Raya and the Last Dragon,Fabienne Rawley,Editing,FALSE
2021,Best Edited Animated Feature Film,Sing 2,Gregory Perler,Editing,FALSE
2021,Best Edited Animated Feature Film,Luca,Jason Hudak,Editing,FALSE
2021,Best Edited Animated Feature Film,Raya and the Last Dragon,Shannon Stein,Editing,FALSE
2020,Best Edited Feature Film – Dramatic,The Trial of the Chicago 7,Alan Baumgarten,Editing,TRUE
2020,Best Edited Feature Film – Dramatic,Mank,Kirk Baxter,Editing,FALSE
2020,Best Edited Feature Film – Dramatic,Minari,Harry Yoon,Editing,FALSE
2020,Best Edited Feature Film – Dramatic,Nomadland,Chloé Zhao,Editing,FALSE
2020,Best Edited Feature Film – Dramatic,Sound of Metal,Mikkel E. G. Nielsen,Editing,FALSE
2020,Best Edited Feature Film – Comedy or Musical,Palm Springs,Matthew Friedman,Editing,TRUE
2020,Best Edited Feature Film – Comedy or Musical,Palm Springs,Andrew Dickler,Editing,TRUE
2020,Best Edited Feature Film – Comedy or Musical,Borat Subsequent Moviefilm,James Thomas,Editing,FALSE
2020,Best Edited Feature Film – Comedy or Musical,Borat Subsequent Moviefilm,Craig Alpert,Editing,FALSE
2020,Best Edited Feature Film – Comedy or Musical,Borat Subsequent Moviefilm,Mike Giambra,Editing,FALSE
2020,Best Edited Feature Film – Comedy or Musical,I Care a Lot,Mark Eckersley,Editing,FALSE
2020,Best Edited Feature Film – Comedy or Musical,On the Rocks,Sarah Flack,Editing,FALSE
2020,Best Edited Feature Film – Comedy or Musical,Promising Young Woman,Frédéric Thoraval,Editing,FALSE
2020,Best Edited Documentary – Feature,My Octopus Teacher,Pippa Ehrlich,Editing,TRUE
2020,Best Edited Documentary – Feature,My Octopus Teacher,Dan Schwalm,Editing,TRUE
2020,Best Edited Documentary – Feature,All In: The Fight for Democracy,Nancy Novack,Editing,FALSE
2020,Best Edited Documentary – Feature,Dick Johnson Is Dead,Nels Bangerter,Editing,FALSE
2020,Best Edited Documentary – Feature,The Dissident,Scott D. Hanson,Editing,FALSE
2020,Best Edited Documentary – Feature,The Dissident,James Leche,Editing,FALSE
2020,Best Edited Documentary – Feature,The Dissident,Wyatt Rogowski,Editing,FALSE
2020,Best Edited Documentary – Feature,The Dissident,Avner Shiloah,Editing,FALSE
2020,Best Edited Documentary – Feature,The Social Dilemma,Davis Coombe,Editing,FALSE
2020,Best Edited Animated Feature Film,Soul,Kevin Nolting,Editing,TRUE
2020,Best Edited Animated Feature Film,The Croods: A New Age,James Ryan,Editing,FALSE
2020,Best Edited Animated Feature Film,Onward,Catherine Apple,Editing,FALSE
2020,Best Edited Animated Feature Film,Over the Moon,Edie Ichioka,Editing,FALSE
2020,Best Edited Animated Feature Film,Wolfwalkers,Darragh Byrne,Editing,FALSE
2020,Best Edited Animated Feature Film,Wolfwalkers,Richie Cody,Editing,FALSE
2020,Best Edited Animated Feature Film,Wolfwalkers,Darren Holmes,Editing,FALSE
2019,Best Edited Feature Film – Dramatic,Parasite,Yang Jin-mo,Editing,TRUE
2019,Best Edited Feature Film – Dramatic,Ford v Ferrari,Andrew Buckland,Editing,FALSE
2019,Best Edited Feature Film – Dramatic,Ford v Ferrari,Michael McCusker,Editing,FALSE
2019,Best Edited Feature Film – Dramatic,The Irishman,Thelma Schoonmaker,Editing,FALSE
2019,Best Edited Feature Film – Dramatic,Joker,Jeff Groth,Editing,FALSE
2019,Best Edited Feature Film – Dramatic,Marriage Story,Jennifer Lame,Editing,FALSE
2019,Best Edited Feature Film – Comedy or Musical,Jojo Rabbit,Tom Eagles,Editing,TRUE
2019,Best Edited Feature Film – Comedy or Musical,Dolemite Is My Name,Billy Fox,Editing,FALSE
2019,Best Edited Feature Film – Comedy or Musical,The Farewell,Michael Taylor,Editing,FALSE
2019,Best Edited Feature Film – Comedy or Musical,The Farewell,Matthew Friedman,Editing,FALSE
2019,Best Edited Feature Film – Comedy or Musical,Knives Out,Bob Ducsay,Editing,FALSE
2019,Best Edited Feature Film – Comedy or Musical,Once Upon a Time in Hollywood,Fred Raskin,Editing,FALSE
2019,Best Edited Documentary – Feature,Apollo 11,Todd Douglas Miller,Editing,TRUE
2019,Best Edited Documentary – Feature,American Factory,Lindsay Utz,Editing,FALSE
2019,Best Edited Documentary – Feature,Linda Ronstadt: The Sound of My Voice,Jake Pushinsky,Editing,FALSE
2019,Best Edited Documentary – Feature,Linda Ronstadt: The Sound of My Voice,Heidi Scharfe,Editing,FALSE
2019,Best Edited Documentary – Feature,Making Waves: The Art of Cinematic Sound,David J. Turner,Editing,FALSE
2019,Best Edited Documentary – Feature,Making Waves: The Art of Cinematic Sound,Thomas G. Miller,Editing,FALSE
2019,Best Edited Animated Feature Film,Toy Story 4,Axel Geddes,Editing,TRUE
2019,Best Edited Animated Feature Film,Frozen II,Jeff Draheim,Editing,FALSE
2019,Best Edited Animated Feature Film,I Lost My Body,Benjamin Massoubre,Editing,FALSE
2018,Best Edited Feature Film – Dramatic,Bohemian Rhapsody,John Ottman,Editing,TRUE
2018,Best Edited Feature Film – Dramatic,BlacKkKlansman,Barry Alexander Brown,Editing,FALSE
2018,Best Edited Feature Film – Dramatic,First Man,Tom Cross,Editing,FALSE
2018,Best Edited Feature Film – Dramatic,Roma,Alfonso Cuarón,Editing,FALSE
2018,Best Edited Feature Film – Dramatic,Roma,Adam Gough,Editing,FALSE
2018,Best Edited Feature Film – Dramatic,A Star Is Born,Jay Cassidy,Editing,FALSE
2018,Best Edited Feature Film – Comedy or Musical,The Favourite,Yorgos Mavropsaridis,Editing,TRUE
2018,Best Edited Feature Film – Comedy or Musical,Crazy Rich Asians,Myron Kerstein,Editing,FALSE
2018,Best Edited Feature Film – Comedy or Musical,Deadpool 2,Craig Alpert,Editing,FALSE
2018,Best Edited Feature Film – Comedy or Musical,Deadpool 2,Elísabet Ronaldsdóttir,Editing,FALSE
2018,Best Edited Feature Film – Comedy or Musical,Deadpool 2,Dirk Westervelt,Editing,FALSE
2018,Best Edited Feature Film – Comedy or Musical,Green Book,Patrick J. Don Vito,Editing,FALSE
2018,Best Edited Feature Film – Comedy or Musical,Vice,Hank Corwin,Editing,FALSE
2018,Best Edited Documentary – Feature,Free Solo,Bob Eisenhardt,Editing,TRUE
2018,Best Edited Documentary – Feature,RBG,Carla Gutierrez,Editing,FALSE
2018,Best Edited Documentary – Feature,Three Identical Strangers,Michael Harte,Editing,FALSE
2018,Best Edited Documentary – Feature,Won't You Be My Neighbor?,Jeff Malmberg,Editing,FALSE
2018,Best Edited Documentary – Feature,Won't You Be My Neighbor?,Aaron Wickenden,Editing,FALSE
2018,Best Edited Animated Feature Film,Spider-Man: Into the Spider-Verse,"Robert Fisher, Jr.",Editing,TRUE
2018,Best Edited Animated Feature Film,Incredibles 2,Stephen Schaffer,Editing,FALSE
2018,Best Edited Animated Feature Film,Isle of Dogs,Andrew Weisblum,Editing,FALSE
2018,Best Edited Animated Feature Film,Isle of Dogs,Ralph Foster,Editing,FALSE
2018,Best Edited Animated Feature Film,Isle of Dogs,Edward Bursch,Editing,FALSE
2017,Best Edited Feature Film – Dramatic,Dunkirk,Lee Smith,Editing,TRUE
2017,Best Edited Feature Film – Dramatic,Blade Runner 2049,Joe Walker,Editing,FALSE
2017,Best Edited Feature Film – Dramatic,Molly's Game,Alan Baumgarten,Editing,FALSE
2017,Best Edited Feature Film – Dramatic,Molly's Game,Josh Schaeffer,Editing,FALSE
2017,Best Edited Feature Film – Dramatic,Molly's Game,Elliot Graham,Editing,FALSE
2017,Best Edited Feature Film – Dramatic,The Post,Michael Kahn,Editing,FALSE
2017,Best Edited Feature Film – Dramatic,The Post,Sarah Broshar,Editing,FALSE
2017,Best Edited Feature Film – Dramatic,The Shape of Water,Sidney Wolinsky,Editing,FALSE
2017,Best Edited Feature Film – Comedy or Musical,"I, Tonya",Tatiana S. Riegel,Editing,TRUE
2017,Best Edited Feature Film – Comedy or Musical,Baby Driver,Paul Machliss,Editing,FALSE
2017,Best Edited Feature Film – Comedy or Musical,Baby Driver,Jonathan Amos,Editing,FALSE
2017,Best Edited Feature Film – Comedy or Musical,Get Out,Gregory Plotkin,Editing,FALSE
2017,Best Edited Feature Film – Comedy or Musical,Lady Bird,Nick Houy,Editing,FALSE
2017,Best Edited Feature Film – Comedy or Musical,"Three Billboards Outside Ebbing, Missouri",Jon Gregory,Editing,FALSE
2017,Best Edited Documentary – Feature,Jane,Joe Beshenkovsky,Editing,TRUE
2017,Best Edited Documentary – Feature,Jane,Will Znidaric,Editing,TRUE
2017,Best Edited Documentary – Feature,Jane,Brett Morgen,Editing,TRUE
2017,Best Edited Documentary – Feature,Cries from Syria,Aaron I. Butler,Editing,FALSE
2017,Best Edited Documentary – Feature,Joan Didion: The Center Will Not Hold,Ann Collins,Editing,FALSE
2017,Best Edited Documentary – Feature,LA 92,Daniel Lindsay,Editing,FALSE
2017,Best Edited Documentary – Feature,LA 92,T.J. Martin,Editing,FALSE
2017,Best Edited Documentary – Feature,LA 92,Scott Stevenson,Editing,FALSE
2017,Best Edited Animated Feature Film,Coco,Steve Bloom,Editing,TRUE
2017,Best Edited Animated Feature Film,Despicable Me 3,Claire Dodgson,Editing,FALSE
2017,Best Edited Animated Feature Film,The Lego Batman Movie,David Burrows,Editing,FALSE
2017,Best Edited Animated Feature Film,The Lego Batman Movie,Matt Villa,Editing,FALSE
2017,Best Edited Animated Feature Film,The Lego Batman Movie,John Venzon,Editing,FALSE
2016,Best Edited Feature Film – Dramatic,Arrival,Joe Walker,Editing,TRUE
2016,Best Edited Feature Film – Dramatic,Hacksaw Ridge,John Gilbert,Editing,FALSE
2016,Best Edited Feature Film – Dramatic,Hell or High Water,Jake Roberts,Editing,FALSE
2016,Best Edited Feature Film – Dramatic,Manchester by the Sea,Jennifer Lame,Editing,FALSE
2016,Best Edited Feature Film – Dramatic,Moonlight,Nat Sanders,Editing,FALSE
2016,Best Edited Feature Film – Dramatic,Moonlight,Joi McMillon,Editing,FALSE
2016,Best Edited Feature Film – Comedy or Musical,La La Land,Tom Cross,Editing,TRUE
2016,Best Edited Feature Film – Comedy or Musical,Deadpool,Julian Clarke,Editing,FALSE
2016,Best Edited Feature Film – Comedy or Musical,"Hail, Caesar!",Roderick Jaynes,Editing,FALSE
2016,Best Edited Feature Film – Comedy or Musical,The Jungle Book,Mark Livolsi,Editing,FALSE
2016,Best Edited Feature Film – Comedy or Musical,The Lobster,Yorgos Mavropsaridis,Editing,FALSE
2016,Best Edited Documentary – Feature,O.J.: Made in America,Bret Granato,Editing,TRUE
2016,Best Edited Documentary – Feature,O.J.: Made in America,Maya Mumma,Editing,TRUE
2016,Best Edited Documentary – Feature,O.J.: Made in America,Ben Sozanski,Editing,TRUE
2016,Best Edited Documentary – Feature,13th,Spencer Averick,Editing,FALSE
2016,Best Edited Documentary – Feature,Amanda Knox,Matthew Hamachek,Editing,FALSE
2016,Best Edited Documentary – Feature,The Beatles: Eight Days a Week - The Touring Years,Paul Crowder,Editing,FALSE
2016,Best Edited Documentary – Feature,Weiner,Eli B. Despres,Editing,FALSE
2016,Best Edited Animated Feature Film,Zootopia,Fabienne Rawley,Editing,TRUE
2016,Best Edited Animated Feature Film,Zootopia,Jeremy Milton,Editing,TRUE
2016,Best Edited Animated Feature Film,Kubo and the Two Strings,Christopher Murrie,Editing,FALSE
2016,Best Edited Animated Feature Film,Moana,Jeff Draheim,Editing,FALSE
2015,Best Edited Feature Film – Dramatic,Mad Max: Fury Road,Margaret Sixel,Editing,TRUE
2015,Best Edited Feature Film – Dramatic,The Martian,Pietro Scalia,Editing,FALSE
2015,Best Edited Feature Film – Dramatic,The Revenant,Stephen Mirrione,Editing,FALSE
2015,Best Edited Feature Film – Dramatic,Sicario,Joe Walker,Editing,FALSE
2015,Best Edited Feature Film – Dramatic,Star Wars: The Force Awakens,Maryann Brandon,Editing,FALSE
2015,Best Edited Feature Film – Dramatic,Star Wars: The Force Awakens,Mary Jo Markey,Editing,FALSE
2015,Best Edited Feature Film – Comedy or Musical,The Big Short,Hank Corwin,Editing,TRUE
2015,Best Edited Feature Film – Comedy or Musical,Ant-Man,Dan Lebental,Editing,FALSE
2015,Best Edited Feature Film – Comedy or Musical,Ant-Man,"Colby Parker, Jr.",Editing,FALSE
2015,Best Edited Feature Film – Comedy or Musical,Joy,Alan Baumgarten,Editing,FALSE
2015,Best Edited Feature Film – Comedy or Musical,Joy,Jay Cassidy,Editing,FALSE
2015,Best Edited Feature Film – Comedy or Musical,Joy,Tom Cross,Editing,FALSE
2015,Best Edited Feature Film – Comedy or Musical,Joy,Christopher Tellefsen,Editing,FALSE
2015,Best Edited Feature Film – Comedy or Musical,Me and Earl and the Dying Girl,David Trachtenberg,Editing,FALSE
2015,Best Edited Feature Film – Comedy or Musical,Trainwreck,William Kerr,Editing,FALSE
2015,Best Edited Feature Film – Comedy or Musical,Trainwreck,Paul Zucke,Editing,FALSE
2015,Best Edited Documentary – Feature,Amy,Chris King,Editing,TRUE
2015,Best Edited Documentary – Feature,Cobain: Montage of Heck,Joe Beshenkovsky,Editing,FALSE
2015,Best Edited Documentary – Feature,Cobain: Montage of Heck,Brett Morgen,Editing,FALSE
2015,Best Edited Documentary – Feature,Going Clear: Scientology & the Prison of Belief,Andy Grieve,Editing,FALSE
2015,Best Edited Documentary – Feature,He Named Me Malala,Greg Finton,Editing,FALSE
2015,Best Edited Documentary – Feature,He Named Me Malala,Brian Johnson,Editing,FALSE
2015,Best Edited Documentary – Feature,He Named Me Malala,Brad Fuller,Editing,FALSE
2015,Best Edited Documentary – Feature,The Wrecking Crew,Claire Scanlon,Editing,FALSE
2015,Best Edited Animated Feature Film,Inside Out,Kevin Nolting,Editing,TRUE
2015,Best Edited Animated Feature Film,Anomalisa,Garrett Elkins,Editing,FALSE
2015,Best Edited Animated Feature Film,The Good Dinosaur,Stephen Schaffer,Editing,FALSE
2014,Best Edited Feature Film – Dramatic,Boyhood,Sandra Adair,Editing,TRUE
2014,Best Edited Feature Film – Dramatic,American Sniper,Joel Cox,Editing,FALSE
2014,Best Edited Feature Film – Dramatic,American Sniper,Gary Roach,Editing,FALSE
2014,Best Edited Feature Film – Dramatic,Gone Girl,Kirk Baxter,Editing,FALSE
2014,Best Edited Feature Film – Dramatic,The Imitation Game,William Goldenberg,Editing,FALSE
2014,Best Edited Feature Film – Dramatic,Nightcrawler,John Gilroy,Editing,FALSE
2014,Best Edited Feature Film – Dramatic,Whiplash,Tom Cross,Editing,FALSE
2014,Best Edited Feature Film – Comedy or Musical,The Grand Budapest Hotel,Barney Pilling,Editing,TRUE
2014,Best Edited Feature Film – Comedy or Musical,Birdman,Douglas Crise,Editing,FALSE
2014,Best Edited Feature Film – Comedy or Musical,Birdman,Stephen Mirrione,Editing,FALSE
2014,Best Edited Feature Film – Comedy or Musical,Guardians of the Galaxy,Fred Raskin,Editing,FALSE
2014,Best Edited Feature Film – Comedy or Musical,Guardians of the Galaxy,Hughes Winborne,Editing,FALSE
2014,Best Edited Feature Film – Comedy or Musical,Guardians of the Galaxy,Craig Wood,Editing,FALSE
2014,Best Edited Feature Film – Comedy or Musical,Into the Woods,Wyatt Smith,Editing,FALSE
2014,Best Edited Feature Film – Comedy or Musical,Inherent Vice,Leslie Jones,Editing,FALSE
2014,Best Edited Documentary – Feature,Citizenfour,Mathilde Bonnefoy,Editing,TRUE
2014,Best Edited Documentary – Feature,Finding Vivian Maier,Aaron Wickenden,Editing,FALSE
2014,Best Edited Documentary – Feature,Glen Campbell: I'll Be Me,Elisa Bonora,Editing,FALSE
2014,Best Edited Animated Feature Film,The Lego Movie,David Burrows,Editing,TRUE
2014,Best Edited Animated Feature Film,The Lego Movie,Chris McKay,Editing,TRUE
2014,Best Edited Animated Feature Film,Big Hero 6,Tim Mertens,Editing,FALSE
2014,Best Edited Animated Feature Film,The Boxtrolls,Edie Bleiman,Editing,FALSE
2013,Best Edited Feature Film – Dramatic,Captain Phillips,Christopher Rouse,Editing,TRUE
2013,Best Edited Feature Film – Dramatic,12 Years a Slave,Joe Walker,Editing,FALSE
2013,Best Edited Feature Film – Dramatic,Gravity,Alfonso Cuarón,Editing,FALSE
2013,Best Edited Feature Film – Dramatic,Gravity,Mark Sanger,Editing,FALSE
2013,Best Edited Feature Film – Dramatic,Her,Jeff Buchanan,Editing,FALSE
2013,Best Edited Feature Film – Dramatic,Her,Eric Zumbrunnen,Editing,FALSE
2013,Best Edited Feature Film – Dramatic,Saving Mr. Banks,Mark Livolsi,Editing,FALSE
2013,Best Edited Feature Film – Comedy or Musical,American Hustle,Alan Baumgarten,Editing,TRUE
2013,Best Edited Feature Film – Comedy or Musical,American Hustle,Jay Cassidy,Editing,TRUE
2013,Best Edited Feature Film – Comedy or Musical,American Hustle,Crispin Struthers,Editing,TRUE
2013,Best Edited Feature Film – Comedy or Musical,August: Osage County,Stephen Mirrione,Editing,FALSE
2013,Best Edited Feature Film – Comedy or Musical,Inside Llewyn Davis,Roderick Jaynes,Editing,FALSE
2013,Best Edited Feature Film – Comedy or Musical,Nebraska,Kevin Tent,Editing,FALSE
2013,Best Edited Feature Film – Comedy or Musical,The Wolf of Wall Street,Thelma Schoonmaker,Editing,FALSE
2013,Best Edited Documentary – Feature,20 Feet from Stardom,Jason Zeldes,Editing,TRUE
2013,Best Edited Documentary – Feature,20 Feet from Stardom,Kevin Klauber,Editing,TRUE
2013,Best Edited Documentary – Feature,20 Feet from Stardom,Doug Blush,Editing,TRUE
2013,Best Edited Documentary – Feature,Blackfish,Eli B. Despres,Editing,FALSE
2013,Best Edited Documentary – Feature,Tim's Vermeer,Patrick Sheffield,Editing,FALSE
2013,Best Edited Animated Feature Film,Frozen,Jeff Draheim,Editing,TRUE
2013,Best Edited Animated Feature Film,Despicable Me 2,Gregory Perler,Editing,FALSE
2013,Best Edited Animated Feature Film,Monsters University,Greg Snyder,Editing,FALSE
2012,Best Edited Feature Film – Dramatic,Argo,William Goldenberg,Editing,TRUE
2012,Best Edited Feature Film – Dramatic,Life of Pi,Tim Squyres,Editing,FALSE
2012,Best Edited Feature Film – Dramatic,Lincoln,Michael Kahn,Editing,FALSE
2012,Best Edited Feature Film – Dramatic,Skyfall,Stuart Baird,Editing,FALSE
2012,Best Edited Feature Film – Dramatic,Zero Dark Thirty,Dylan Tichenor,Editing,FALSE
2012,Best Edited Feature Film – Dramatic,Zero Dark Thirty,William Goldenberg,Editing,FALSE
2012,Best Edited Feature Film – Comedy or Musical,Silver Linings Playbook,Jay Cassidy,Editing,TRUE
2012,Best Edited Feature Film – Comedy or Musical,Silver Linings Playbook,Crispin Struthers,Editing,TRUE
2012,Best Edited Feature Film – Comedy or Musical,The Best Exotic Marigold Hotel,Chris Gill,Editing,FALSE
2012,Best Edited Feature Film – Comedy or Musical,Les Misérables,Chris Dickens,Editing,FALSE
2012,Best Edited Feature Film – Comedy or Musical,Les Misérables,Melanie Oliver,Editing,FALSE
2012,Best Edited Feature Film – Comedy or Musical,Moonrise Kingdom,Andrew Weisblum,Editing,FALSE
2012,Best Edited Feature Film – Comedy or Musical,Ted,Jeff Freeman,Editing,FALSE
2012,Best Edited Documentary – Feature,Searching for Sugar Man,Malik Bendjelloul,Editing,TRUE
2012,Best Edited Documentary – Feature,Samsara,Ron Fricke,Editing,FALSE
2012,Best Edited Documentary – Feature,Samsara,Mark Magidson,Editing,FALSE
2012,Best Edited Documentary – Feature,West of Memphis,Billy McMillin,Editing,FALSE
2012,Best Edited Animated Feature Film,Brave,Nicolas C. Smith,Editing,TRUE
2012,Best Edited Animated Feature Film,Frankenweenie,Chris Lebenzon,Editing,FALSE
2012,Best Edited Animated Feature Film,Frankenweenie,Mark Solomon,Editing,FALSE
2012,Best Edited Animated Feature Film,Rise of the Guardians,Joyce Arrastia,Editing,FALSE
2012,Best Edited Animated Feature Film,Wreck-It Ralph,Tim Mertens,Editing,FALSE
2011,Best Edited Feature Film – Dramatic,The Descendants,Kevin Tent,Editing,TRUE
2011,Best Edited Feature Film – Dramatic,The Girl with the Dragon Tattoo,Kirk Baxter,Editing,FALSE
2011,Best Edited Feature Film – Dramatic,The Girl with the Dragon Tattoo,Angus Wall,Editing,FALSE
2011,Best Edited Feature Film – Dramatic,Hugo,Thelma Schoonmaker,Editing,FALSE
2011,Best Edited Feature Film – Dramatic,Moneyball,Christopher Tellefsen,Editing,FALSE
2011,Best Edited Feature Film – Dramatic,War Horse,Michael Kahn,Editing,FALSE
2011,Best Edited Feature Film – Comedy or Musical,The Artist,Anne-Sophie Bion,Editing,TRUE
2011,Best Edited Feature Film – Comedy or Musical,The Artist,Michel Hazanavicius,Editing,TRUE
2011,Best Edited Feature Film – Comedy or Musical,Bridesmaids,William Kerr,Editing,FALSE
2011,Best Edited Feature Film – Comedy or Musical,Bridesmaids,Michael L. Sale,Editing,FALSE
2011,Best Edited Feature Film – Comedy or Musical,Midnight in Paris,Alisa Lepselter,Editing,FALSE
2011,Best Edited Feature Film – Comedy or Musical,My Week with Marilyn,Adam Recht,Editing,FALSE
2011,Best Edited Feature Film – Comedy or Musical,Young Adult,Dana E. Glauberman,Editing,FALSE
2011,Best Edited Documentary – Feature,Freedom Riders,Lewis Erskine,Editing,TRUE
2011,Best Edited Documentary – Feature,Freedom Riders,Aljernon Tunsil,Editing,TRUE
2011,Best Edited Documentary – Feature,Cave of Forgotten Dreams,Joe Bini and,Editing,FALSE
2011,Best Edited Documentary – Feature,George Harrison: Living in the Material World,David Tedeschi,Editing,FALSE
2011,Best Edited Animated Feature Film,Rango,Craig Wood,Editing,TRUE
2011,Best Edited Animated Feature Film,The Adventures of Tintin,Michael Kahn,Editing,FALSE
2011,Best Edited Animated Feature Film,Puss in Boots,Erika Dapkewicz,Editing,FALSE
2010,Best Edited Feature Film – Dramatic,The Social Network,Kirk Baxter,Editing,TRUE
2010,Best Edited Feature Film – Dramatic,The Social Network,Angus Wall,Editing,TRUE
2010,Best Edited Feature Film – Dramatic,Black Swan,Andrew Weisblum,Editing,FALSE
2010,Best Edited Feature Film – Dramatic,The Fighter,Pamela Martin,Editing,FALSE
2010,Best Edited Feature Film – Dramatic,Inception,Lee Smith,Editing,FALSE
2010,Best Edited Feature Film – Dramatic,The King's Speech,Tariq Anwar,Editing,FALSE
2010,Best Edited Feature Film – Comedy or Musical,Alice in Wonderland,Chris Lebenzon,Editing,TRUE
2010,Best Edited Feature Film – Comedy or Musical,Easy A,Susan Littenberg,Editing,FALSE
2010,Best Edited Feature Film – Comedy or Musical,The Kids Are All Right,Jeffrey M. Werner,Editing,FALSE
2010,Best Edited Feature Film – Comedy or Musical,Made in Dagenham,Michael Parker,Editing,FALSE
2010,Best Edited Feature Film – Comedy or Musical,Scott Pilgrim vs. the World,Paul Machliss,Editing,FALSE
2010,Best Edited Feature Film – Comedy or Musical,Scott Pilgrim vs. the World,Jonathan Amos,Editing,FALSE
2010,Best Edited Documentary – Feature,Exit Through the Gift Shop,Tom Fulford,Editing,TRUE
2010,Best Edited Documentary – Feature,Exit Through the Gift Shop,Chris King,Editing,TRUE
2010,Best Edited Documentary – Feature,Inside Job,Chad Beck,Editing,FALSE
2010,Best Edited Documentary – Feature,Inside Job,Adam Bolt,Editing,FALSE
2010,Best Edited Documentary – Feature,"Waiting for ""Superman""",Jay Cassidy,Editing,FALSE
2010,Best Edited Documentary – Feature,"Waiting for ""Superman""",Greg Finton,Editing,FALSE
2010,Best Edited Documentary – Feature,"Waiting for ""Superman""",Kim Roberts,Editing,FALSE
2010,Best Edited Animated Feature Film,Toy Story 3,Ken Schretzmann,Editing,TRUE
2010,Best Edited Animated Feature Film,Toy Story 3,Lee Unkrich,Editing,TRUE
2010,Best Edited Animated Feature Film,Despicable Me,Gregory Perler,Editing,FALSE
2010,Best Edited Animated Feature Film,Despicable Me,Pamela Ziegenhagen-Shefland,Editing,FALSE
2010,Best Edited Animated Feature Film,How to Train Your Dragon,Maryann Brandon,Editing,FALSE
2010,Best Edited Animated Feature Film,How to Train Your Dragon,Darren T. Holmes,Editing,FALSE
2009,Best Edited Feature Film – Dramatic,The Hurt Locker,Chris Innis,Editing,TRUE
2009,Best Edited Feature Film – Dramatic,The Hurt Locker,Bob Murawski,Editing,TRUE
2009,Best Edited Feature Film – Dramatic,Avatar,James Cameron,Editing,FALSE
2009,Best Edited Feature Film – Dramatic,Avatar,John Refoua,Editing,FALSE
2009,Best Edited Feature Film – Dramatic,Avatar,Stephen E. Rivkin,Editing,FALSE
2009,Best Edited Feature Film – Dramatic,District 9,Julian Clarke,Editing,FALSE
2009,Best Edited Feature Film – Dramatic,Star Trek,Maryann Brandon,Editing,FALSE
2009,Best Edited Feature Film – Dramatic,Star Trek,Mary Jo Markey,Editing,FALSE
2009,Best Edited Feature Film – Dramatic,Up in the Air,Dana E. Glauberman,Editing,FALSE
2009,Best Edited Feature Film – Comedy or Musical,The Hangover,Debra Neil-Fisher,Editing,TRUE
2009,Best Edited Feature Film – Comedy or Musical,(500) Days of Summer,Alan Edward Bell,Editing,FALSE
2009,Best Edited Feature Film – Comedy or Musical,It's Complicated,Joe Hutshing,Editing,FALSE
2009,Best Edited Feature Film – Comedy or Musical,It's Complicated,David Moritz,Editing,FALSE
2009,Best Edited Feature Film – Comedy or Musical,Julie & Julia,Richard Marks,Editing,FALSE
2009,Best Edited Feature Film – Comedy or Musical,A Serious Man,Roderick Jaynes,Editing,FALSE
2009,Best Edited Documentary – Feature,The Cove,Geoffrey Richman,Editing,TRUE
2009,Best Edited Documentary – Feature,"Food, Inc.",Kim Roberts,Editing,FALSE
2009,Best Edited Documentary – Feature,Michael Jackson's This Is It,Don Brochu,Editing,FALSE
2009,Best Edited Documentary – Feature,Michael Jackson's This Is It,Brandon Key,Editing,FALSE
2009,Best Edited Documentary – Feature,Michael Jackson's This Is It,Timothy Patterson,Editing,FALSE
2009,Best Edited Documentary – Feature,Michael Jackson's This Is It,Kevin Stitt,Editing,FALSE
2009,Best Edited Animated Feature Film,Up,Kevin Nolting,Editing,TRUE
2009,Best Edited Animated Feature Film,Coraline,Christopher Murrie,Editing,FALSE
2009,Best Edited Animated Feature Film,Coraline,Ronald Sanders,Editing,FALSE
2009,Best Edited Animated Feature Film,Fantastic Mr. Fox,Andrew Weisblum,Editing,FALSE
2008,Best Edited Feature Film – Dramatic,Slumdog Millionaire,Chris Dickens,Editing,TRUE
2008,Best Edited Feature Film – Dramatic,The Curious Case of Benjamin Button,Kirk Baxter,Editing,FALSE
2008,Best Edited Feature Film – Dramatic,The Curious Case of Benjamin Button,Angus Wall,Editing,FALSE
2008,Best Edited Feature Film – Dramatic,The Dark Knight,Lee Smith,Editing,FALSE
2008,Best Edited Feature Film – Dramatic,Frost/Nixon,Daniel P. Hanley,Editing,FALSE
2008,Best Edited Feature Film – Dramatic,Frost/Nixon,Mike Hill,Editing,FALSE
2008,Best Edited Feature Film – Dramatic,Milk,Elliot Graham,Editing,FALSE
2008,Best Edited Feature Film – Comedy or Musical,WALL-E,Stephen Schaffer,Editing,TRUE
2008,Best Edited Feature Film – Comedy or Musical,In Bruges,Jon Gregory,Editing,FALSE
2008,Best Edited Feature Film – Comedy or Musical,Mamma Mia!,Lesley Walker,Editing,FALSE
2008,Best Edited Feature Film – Comedy or Musical,Tropic Thunder,Greg Hayden,Editing,FALSE
2008,Best Edited Feature Film – Comedy or Musical,Vicky Cristina Barcelona,Alisa Lepselter,Editing,FALSE
2008,Best Edited Documentary – Feature,Man on Wire,Jinx Godfrey,Editing,TRUE
2008,Best Edited Documentary – Feature,Chicago 10,Stuart Levy,Editing,FALSE
2008,Best Edited Documentary – Feature,"Frontline: ""Bush's War: Part I"" & ""Bush's War: Part II""",Steve Audette,Editing,FALSE
2007,Best Edited Feature Film – Dramatic,The Bourne Ultimatum,Christopher Rouse,Editing,TRUE
2007,Best Edited Feature Film – Dramatic,Into the Wild,Jay Cassidy,Editing,FALSE
2007,Best Edited Feature Film – Dramatic,Michael Clayton,John Gilroy,Editing,FALSE
2007,Best Edited Feature Film – Dramatic,No Country for Old Men,Roderick Jaynes,Editing,FALSE
2007,Best Edited Feature Film – Dramatic,There Will Be Blood,Dylan Tichenor,Editing,FALSE
2007,Best Edited Feature Film – Comedy or Musical,Sweeney Todd: The Demon Barber of Fleet Street,Chris Lebenzon,Editing,TRUE
2007,Best Edited Feature Film – Comedy or Musical,Hairspray,Michael Tronick,Editing,FALSE
2007,Best Edited Feature Film – Comedy or Musical,Juno,Dana E. Glauberman,Editing,FALSE
2007,Best Edited Feature Film – Comedy or Musical,Pirates of the Caribbean: At World's End,Stephen E. Rivkin,Editing,FALSE
2007,Best Edited Feature Film – Comedy or Musical,Pirates of the Caribbean: At World's End,Craig Wood,Editing,FALSE
2007,Best Edited Feature Film – Comedy or Musical,Ratatouille,Darren T. Holmes,Editing,FALSE
2007,Best Edited Documentary – Feature,Sicko,Geoffrey Richman,Editing,TRUE
2007,Best Edited Documentary – Feature,Sicko,Christopher Seward,Editing,TRUE
2007,Best Edited Documentary – Feature,Sicko,Dan Swietlik,Editing,TRUE
2007,Best Edited Documentary – Feature,Darfur Now,Edgar Burcksen,Editing,FALSE
2007,Best Edited Documentary – Feature,Darfur Now,Leonard Feinstein,Editing,FALSE
2007,Best Edited Documentary – Feature,The Pixar Story,Leslie Iwerks,Editing,FALSE
2007,Best Edited Documentary – Feature,The Pixar Story,Stephen R. Myers,Editing,FALSE
2006,Best Edited Feature Film – Dramatic,Babel,Douglas Crise,Editing,TRUE
2006,Best Edited Feature Film – Dramatic,Babel,Stephen Mirrione,Editing,TRUE
2006,Best Edited Feature Film – Dramatic,The Departed,Thelma Schoonmaker,Editing,TRUE
2006,Best Edited Feature Film – Dramatic,Casino Royale,Stuart Baird,Editing,FALSE
2006,Best Edited Feature Film – Dramatic,The Queen,Lucia Zucchetti,Editing,FALSE
2006,Best Edited Feature Film – Dramatic,United 93,Clare Douglas,Editing,FALSE
2006,Best Edited Feature Film – Dramatic,United 93,Richard Pearson,Editing,FALSE
2006,Best Edited Feature Film – Dramatic,United 93,Christopher Rouse,Editing,FALSE
2006,Best Edited Feature Film – Comedy or Musical,Dreamgirls,Virginia Katz,Editing,TRUE
2006,Best Edited Feature Film – Comedy or Musical,The Devil Wears Prada,Mark Livolsi,Editing,FALSE
2006,Best Edited Feature Film – Comedy or Musical,Little Miss Sunshine,Pamela Martin,Editing,FALSE
2006,Best Edited Feature Film – Comedy or Musical,Pirates of the Caribbean: Dead Man's Chest,Stephen E. Rivkin,Editing,FALSE
2006,Best Edited Feature Film – Comedy or Musical,Pirates of the Caribbean: Dead Man's Chest,Craig Wood,Editing,FALSE
2006,Best Edited Feature Film – Comedy or Musical,Thank You for Smoking,Dana E. Glauberman,Editing,FALSE
2006,Best Edited Documentary – Feature,An Inconvenient Truth,Jay Cassidy,Editing,TRUE
2006,Best Edited Documentary – Feature,An Inconvenient Truth,Dan Swietlik,Editing,TRUE
2006,Best Edited Documentary – Feature,Baghdad ER,Joe Bini,Editing,FALSE
2006,Best Edited Documentary – Feature,When the Levees Broke: A Requiem in Four Acts: Part One,Samuel D. Pollard,Editing,FALSE
2005,Best Edited Feature Film – Dramatic,Crash,Hughes Winborne,Editing,TRUE
2005,Best Edited Feature Film – Dramatic,Brokeback Mountain,Geraldine Peroni,Editing,FALSE
2005,Best Edited Feature Film – Dramatic,Brokeback Mountain,Dylan Tichenor,Editing,FALSE
2005,Best Edited Feature Film – Dramatic,The Constant Gardener,Claire Simpson,Editing,FALSE
2005,Best Edited Feature Film – Dramatic,"Good Night, and Good Luck",Stephen Mirrione,Editing,FALSE
2005,Best Edited Feature Film – Dramatic,Munich,Michael Kahn,Editing,FALSE
2005,Best Edited Feature Film – Comedy or Musical,Walk the Line,Michael McCusker,Editing,TRUE
2005,Best Edited Feature Film – Comedy or Musical,Charlie and the Chocolate Factory,Chris Lebenzon,Editing,FALSE
2005,Best Edited Feature Film – Comedy or Musical,The Family Stone,Jeffrey Ford,Editing,FALSE
2005,Best Edited Feature Film – Comedy or Musical,Pride & Prejudice,Paul Tothill,Editing,FALSE
2005,Best Edited Feature Film – Comedy or Musical,Wedding Crashers,Mark Livolsi,Editing,FALSE
2005,Best Edited Documentary – Feature,March of the Penguins,Sabine Emiliani,Editing,TRUE
2005,Best Edited Documentary – Feature,Grizzly Man,Joe Bini,Editing,FALSE
2005,Best Edited Documentary – Feature,James Dean: Forever Young,Michael J. Sheridan,Editing,FALSE
2005,Best Edited Documentary – Feature,James Dean: Forever Young,Jack Tucker,Editing,FALSE
2005,Best Edited Documentary – Feature,James Dean: Forever Young,Patrea Patrick,Editing,FALSE
2005,Best Edited Documentary – Feature,James Dean: Forever Young,Fred Roth,Editing,FALSE
2024,"Best Edited Feature Film (Drama, Theatrical)",Emilia Pérez,Juliette Welfling,Editing,TRUE
2024,"Best Edited Feature Film (Drama, Theatrical)",Civil War,Jake Roberts,Editing,FALSE
2024,"Best Edited Feature Film (Drama, Theatrical)",Conclave,Nick Emerson,Editing,FALSE
2024,"Best Edited Feature Film (Drama, Theatrical)",Dune: Part Two,Joe Walker,Editing,FALSE
2024,"Best Edited Feature Film (Drama, Theatrical)",Furiosa: A Mad Max Saga,Eliot Knapman,Editing,FALSE
2024,"Best Edited Feature Film (Drama, Theatrical)",Furiosa: A Mad Max Saga,Margaret Sixel,Editing,FALSE
2024,"Best Edited Feature Film (Comedy, Theatrical)",Wicked,Myron Kerstein,Editing,TRUE
2024,"Best Edited Feature Film (Comedy, Theatrical)",Anora,Sean Baker,Editing,FALSE
2024,"Best Edited Feature Film (Comedy, Theatrical)",Challengers,Marco Costa,Editing,FALSE
2024,"Best Edited Feature Film (Comedy, Theatrical)",A Real Pain,Robert Nassau,Editing,FALSE
2024,"Best Edited Feature Film (Comedy, Theatrical)",The Substance,Coralie Fargeat,Editing,FALSE
2024,"Best Edited Feature Film (Comedy, Theatrical)",The Substance,Jérôme Eltabet,Editing,FALSE
2024,"Best Edited Feature Film (Comedy, Theatrical)",The Substance,Valentin Féron,Editing,FALSE
2024,Best Edited Documentary Feature (Theatrical),Will & Harper,Monique Zavistovski,Editing,TRUE
2024,Best Edited Documentary Feature (Theatrical),Beatles '64,Mariah Rehmet,Editing,FALSE
2024,Best Edited Documentary Feature (Theatrical),Her Name Was Moviola,Howard Berry,Editing,FALSE
2024,Best Edited Documentary Feature (Theatrical),Jim Henson: Idea Man,Paul Crowder,Editing,FALSE
2024,Best Edited Documentary Feature (Theatrical),Jim Henson: Idea Man,Sierra Neal,Editing,FALSE
2024,Best Edited Documentary Feature (Theatrical),Super/Man: The Christopher Reeve Story,Otto Burnham,Editing,FALSE
2024,Best Edited Animated Feature Film(Theatrical or Non-Theatrical),The Wild Robot,Mary Blee,Editing,TRUE
2024,Best Edited Animated Feature Film(Theatrical or Non-Theatrical),Flow,Gints Zilbalodis,Editing,FALSE
2024,Best Edited Animated Feature Film(Theatrical or Non-Theatrical),Inside Out 2,Maurissa Horwitz,Editing,FALSE
2024,Best Edited Animated Feature Film(Theatrical or Non-Theatrical),Moana 2,Michael Louis Hill,Editing,FALSE
2024,Best Edited Animated Feature Film(Theatrical or Non-Theatrical),Moana 2,Jeremy Milton,Editing,FALSE
2024,Best Edited Animated Feature Film(Theatrical or Non-Theatrical),Wallace & Gromit: Vengeance Most Fowl,Dan Hembery,Editing,FALSE
2024,Best Edited Feature Film (Non-Theatrical),Road House,Doc Crotzer,Editing,TRUE
2024,Best Edited Feature Film (Non-Theatrical),Am I OK?,Kayla M. Emter,Editing,FALSE
2024,Best Edited Feature Film (Non-Theatrical),Am I OK?,Glen Scantlebury,Editing,FALSE
2024,Best Edited Feature Film (Non-Theatrical),Unfrosted,Evan Henke,Editing,FALSE